id,name,zone,gender,objective_id,sub_objective_id,training_location,days_per_week,experience_level,created_at,updated_at
973,CHICOS-GYM-MES 1-PRINCIPIANTE-5 DÍAS,consultancy,male,1,2,gym,5,beginner,2026-05-22T10:45:27.527025Z,2026-05-29T12:21:07.503847Z
974,CHICOS-GYM-MES 1-PRINCIPIANTE-4 DÍAS,consultancy,male,1,2,gym,4,beginner,2026-05-22T10:45:28.091415Z,2026-05-29T12:21:07.766242Z
975,CHICOS-GYM-MES 1-PRINCIPIANTE-3 DÍAS,consultancy,male,1,2,gym,3,beginner,2026-05-22T10:45:28.510884Z,2026-05-29T12:21:08.010585Z
976,CHICOS-GYM-MES 1-PRINCIPIANTE-2 DÍAS,consultancy,male,1,2,gym,2,beginner,2026-05-22T10:45:28.938655Z,2026-05-29T12:21:08.286850Z
977,CHICOS-GYM-MES 2-PRINCIPIANTE-5 DÍAS,consultancy,male,1,2,gym,5,beginner,2026-05-22T11:06:04.165332Z,2026-05-29T12:21:08.649100Z
978,CHICOS-GYM-MES 2-PRINCIPIANTE-4 DÍAS,consultancy,male,1,2,gym,4,beginner,2026-05-22T11:06:04.750615Z,2026-05-29T12:21:08.896321Z
979,CHICOS-GYM-MES 2-PRINCIPIANTE-3 DÍAS,consultancy,male,1,2,gym,3,beginner,2026-05-22T11:06:05.276308Z,2026-05-29T12:21:09.183210Z
980,CHICOS-GYM-MES 2-PRINCIPIANTE-2 DÍAS,consultancy,male,1,2,gym,2,beginner,2026-05-22T11:06:05.792363Z,2026-05-29T12:21:09.414285Z
981,CHICOS-GYM-MES 3-PRINCIPIANTE-5 DÍAS,consultancy,male,1,2,gym,5,beginner,2026-05-22T11:06:06.339593Z,2026-05-29T12:21:09.711047Z
982,CHICOS-GYM-MES 3-PRINCIPIANTE-4 DÍAS,consultancy,male,1,2,gym,4,beginner,2026-05-22T11:06:06.996311Z,2026-05-29T12:21:09.938184Z
983,CHICOS-GYM-MES 3-PRINCIPIANTE-3 DÍAS,consultancy,male,1,2,gym,3,beginner,2026-05-22T11:06:07.487637Z,2026-05-29T12:21:10.231719Z
984,CHICOS-GYM-MES 3-PRINCIPIANTE-2 DÍAS,consultancy,male,1,2,gym,2,beginner,2026-05-22T11:06:07.923074Z,2026-05-29T12:21:10.482169Z
985,CHICOS-GYM-MES 4-PRINCIPIANTE-5 DÍAS,consultancy,male,1,2,gym,5,beginner,2026-05-22T11:06:08.430032Z,2026-05-29T12:21:10.808306Z
986,CHICOS-GYM-MES 4-PRINCIPIANTE-4 DÍAS,consultancy,male,1,2,gym,4,beginner,2026-05-22T11:06:08.996593Z,2026-05-29T12:21:11.070324Z
987,CHICOS-GYM-MES 4-PRINCIPIANTE-3 DÍAS,consultancy,male,1,2,gym,3,beginner,2026-05-22T11:06:09.583897Z,2026-05-29T12:21:11.365029Z
988,CHICOS-GYM-MES 4-PRINCIPIANTE-2 DÍAS,consultancy,male,1,2,gym,2,beginner,2026-05-22T11:06:10.060176Z,2026-05-29T12:21:11.628754Z
989,CHICOS-GYM-MES 5-PRINCIPIANTE-5 DÍAS,consultancy,male,1,2,gym,5,beginner,2026-05-22T11:06:10.529828Z,2026-05-29T12:21:11.957776Z
990,CHICOS-GYM-MES 5-PRINCIPIANTE-4 DÍAS,consultancy,male,1,2,gym,4,beginner,2026-05-22T11:06:11.186182Z,2026-05-29T12:21:12.199256Z
991,CHICOS-GYM-MES 5-PRINCIPIANTE-3 DÍAS,consultancy,male,1,2,gym,3,beginner,2026-05-22T11:06:11.702271Z,2026-05-29T12:21:12.488933Z
992,CHICOS-GYM-MES 5-PRINCIPIANTE-2 DÍAS,consultancy,male,1,2,gym,2,beginner,2026-05-22T11:06:12.124154Z,2026-05-29T12:21:12.727003Z
993,CHICOS-GYM-MES 6-PRINCIPIANTE-5 DÍAS,consultancy,male,1,2,gym,5,beginner,2026-05-22T11:06:12.630565Z,2026-05-29T12:21:13.034852Z
994,CHICOS-GYM-MES 6-PRINCIPIANTE-4 DÍAS,consultancy,male,1,2,gym,4,beginner,2026-05-22T11:06:13.178599Z,2026-05-29T12:21:13.281450Z
995,CHICOS-GYM-MES 6-PRINCIPIANTE-3 DÍAS,consultancy,male,1,2,gym,3,beginner,2026-05-22T11:06:14.121908Z,2026-05-29T12:21:13.524403Z
996,CHICOS-GYM-MES 6-PRINCIPIANTE-2 DÍAS,consultancy,male,1,2,gym,2,beginner,2026-05-22T11:06:14.730200Z,2026-05-29T12:21:13.769275Z
997,CHICOS-GYM-MES 6-PRINCIPIANTE-5 DÍAS,consultancy,male,1,2,gym,5,beginner,2026-05-27T10:16:01.100735Z,2026-05-29T12:21:14.071002Z
998,CHICOS-GYM-MES 6-PRINCIPIANTE-4 DÍAS,consultancy,male,1,2,gym,4,beginner,2026-05-27T10:16:01.730322Z,2026-05-29T12:21:14.299154Z
999,CHICOS-GYM-MES 6-PRINCIPIANTE-3 DÍAS,consultancy,male,1,2,gym,3,beginner,2026-05-27T10:16:02.496491Z,2026-05-29T12:21:14.598090Z
1000,CHICOS-GYM-MES 6-PRINCIPIANTE-2 DÍAS,consultancy,male,1,2,gym,2,beginner,2026-05-27T10:16:03.177868Z,2026-05-29T12:21:14.853749Z
1001,CHICOS-GYM-MES 1-PRINCIPIANTE-5 DÍAS,consultancy,male,1,2,gym,5,beginner,2026-05-27T10:16:03.608874Z,2026-05-29T12:21:15.122066Z
1002,CHICOS-GYM-MES 1-PRINCIPIANTE-4 DÍAS,consultancy,male,1,2,gym,4,beginner,2026-05-27T10:16:04.334013Z,2026-05-29T12:21:15.402314Z
1003,CHICOS-GYM-MES 1-PRINCIPIANTE-3 DÍAS,consultancy,male,1,2,gym,3,beginner,2026-05-27T10:16:04.841301Z,2026-05-29T12:21:15.658756Z
1004,CHICOS-GYM-MES 1-PRINCIPIANTE-2 DÍAS,consultancy,male,1,2,gym,2,beginner,2026-05-27T10:16:05.318426Z,2026-05-29T12:21:15.916883Z
1005,RECOMPOSICION-CHICOS-GIMNASIO-WEIDER-MES 1-PRINCIPIANTE-5 DIAS,consultancy,male,1,9,gym,5,beginner,2026-06-09T08:52:05.038094Z,2026-06-09T08:52:05.038094Z
1006,RECOMPOSICION-CHICOS-GIMNASIO-WEIDER-MES 1-PRINCIPIANTE-4 DIAS,consultancy,male,1,9,gym,4,beginner,2026-06-09T08:52:06.016862Z,2026-06-09T08:52:06.016862Z
1007,RECOMPOSICION-CHICOS-GIMNASIO-WEIDER-MES 1-PRINCIPIANTE-3 DIAS,consultancy,male,1,9,gym,3,beginner,2026-06-09T08:52:06.786170Z,2026-06-09T08:52:06.786170Z
1008,RECOMPOSICION-CHICOS-GIMNASIO-WEIDER-MES 1-PRINCIPIANTE-2 DIAS,consultancy,male,1,9,gym,2,beginner,2026-06-09T08:52:07.438135Z,2026-06-09T08:52:07.438135Z
1009,RECOMPOSICION-CHICOS-GIMNASIO-EMPUJES Y TRACCIONES-MES 2-PRINCIPIANTE-5 DIAS,consultancy,male,1,9,gym,5,beginner,2026-06-09T08:52:08.131240Z,2026-06-09T08:52:08.131240Z
1010,RECOMPOSICION-CHICOS-GIMNASIO-EMPUJES Y TRACCIONES-MES 2-PRINCIPIANTE-4 DIAS,consultancy,male,1,9,gym,4,beginner,2026-06-09T08:52:09.157728Z,2026-06-09T08:52:09.157728Z
1011,RECOMPOSICION-CHICOS-GIMNASIO-EMPUJES Y TRACCIONES-MES 2-PRINCIPIANTE-3 DIAS,consultancy,male,1,9,gym,3,beginner,2026-06-09T08:52:09.999680Z,2026-06-09T08:52:09.999680Z
1012,RECOMPOSICION-CHICOS-GIMNASIO-EMPUJES Y TRACCIONES-MES 2-PRINCIPIANTE-2 DIAS,consultancy,male,1,9,gym,2,beginner,2026-06-09T08:52:10.742258Z,2026-06-09T08:52:10.742258Z
1013,RECOMPOSICION-CHICAS-GIMNASIO-EMPUJES Y TRACCIONES-MES 2-AVANZADO-5 DIAS,consultancy,female,1,9,gym,5,advanced,2026-06-09T08:52:11.253907Z,2026-06-09T08:52:11.253907Z
1014,RECOMPOSICION-CHICAS-GIMNASIO-EMPUJES Y TRACCIONES-MES 2-AVANZADO-4 DIAS,consultancy,female,1,9,gym,4,advanced,2026-06-09T08:52:12.234120Z,2026-06-09T08:52:12.234120Z
1015,RECOMPOSICION-CHICAS-GIMNASIO-EMPUJES Y TRACCIONES-MES 2-AVANZADO-3 DIAS,consultancy,female,1,9,gym,3,advanced,2026-06-09T08:52:13.145891Z,2026-06-09T08:52:13.145891Z
1016,RECOMPOSICION-CHICAS-GIMNASIO-EMPUJES Y TRACCIONES-MES 2-AVANZADO-2 DIAS,consultancy,female,1,9,gym,2,advanced,2026-06-09T08:52:14.248216Z,2026-06-09T08:52:14.248216Z
1017,RECOMPOSICION-CHICAS-GIMNASIO-TORSO PIERNA-MES 3-AVANZADO-5 DIAS,consultancy,female,1,9,gym,5,advanced,2026-06-09T08:52:14.918784Z,2026-06-09T08:52:14.918784Z
1018,RECOMPOSICION-CHICAS-GIMNASIO-TORSO PIERNA-MES 3-AVANZADO-4 DIAS,consultancy,female,1,9,gym,4,advanced,2026-06-09T08:52:15.794839Z,2026-06-09T08:52:15.794839Z
1019,RECOMPOSICION-CHICAS-GIMNASIO-TORSO PIERNA-MES 3-AVANZADO-3 DIAS,consultancy,female,1,9,gym,3,advanced,2026-06-09T08:52:16.507710Z,2026-06-09T08:52:16.507710Z
1020,RECOMPOSICION-CHICAS-GIMNASIO-TORSO PIERNA-MES 3-AVANZADO-2 DIAS,consultancy,female,1,9,gym,2,advanced,2026-06-09T08:52:17.109709Z,2026-06-09T08:52:17.109709Z
1021,RECOMPOSICION-CHICAS-GIMNASIO-FULLBODY DESCEN-MES 4-AVANZADO-5 DIAS,consultancy,female,1,9,gym,5,advanced,2026-06-09T08:52:17.627642Z,2026-06-09T08:52:17.627642Z
1022,RECOMPOSICION-CHICAS-GIMNASIO-FULLBODY DESCEN-MES 4-AVANZADO-4 DIAS,consultancy,female,1,9,gym,4,advanced,2026-06-09T08:52:18.600531Z,2026-06-09T08:52:18.600531Z
1023,RECOMPOSICION-CHICAS-GIMNASIO-FULLBODY DESCEN-MES 4-AVANZADO-3 DIAS,consultancy,female,1,9,gym,3,advanced,2026-06-09T08:52:19.434154Z,2026-06-09T08:52:19.434154Z
1024,RECOMPOSICION-CHICAS-GIMNASIO-FULLBODY DESCEN-MES 4-AVANZADO-2 DIAS,consultancy,female,1,9,gym,2,advanced,2026-06-09T08:52:20.209484Z,2026-06-09T08:52:20.209484Z
1025,RECOMPOSICION-CHICOS-GIMNASIO-FULLBODY DESCEN-MES 8-AVANZADO-3 DIAS,consultancy,male,1,9,gym,3,advanced,2026-06-09T08:52:20.784315Z,2026-06-09T08:52:20.784315Z
1026,RECOMPOSICION-CHICOS-GIMNASIO-FULLBODY DESCEN-MES 8-AVANZADO-2 DIAS,consultancy,male,1,9,gym,2,advanced,2026-06-09T08:52:22.075531Z,2026-06-09T08:52:22.075531Z
1027,RECOMPOSICION-CHICOS-MANCUERNAS Y GOMAS-EMPUJES Y TRACCIONES-MES 2-AVANZADO-5 DIAS,consultancy,male,1,9,home_with_material,5,advanced,2026-06-09T08:52:22.974111Z,2026-06-09T08:52:22.974111Z
1028,RECOMPOSICION-CHICOS-MANCUERNAS Y GOMAS-EMPUJES Y TRACCIONES-MES 2-AVANZADO-4 DIAS,consultancy,male,1,9,home_with_material,4,advanced,2026-06-09T08:52:23.799815Z,2026-06-09T08:52:23.799815Z
1029,RECOMPOSICION-CHICOS-MANCUERNAS Y GOMAS-EMPUJES Y TRACCIONES-MES 2-AVANZADO-2 DIAS,consultancy,male,1,9,home_with_material,2,advanced,2026-06-09T08:52:24.710240Z,2026-06-09T08:52:24.710240Z
1030,RECOMPOSICION-CHICOS-GIMNASIO-TORSO PIERNA-MES 7-AVANZADO-5 DIAS,consultancy,male,1,9,gym,5,advanced,2026-06-09T08:52:25.240219Z,2026-06-09T08:52:25.240219Z
1031,RECOMPOSICION-CHICOS-MANCUERNAS Y GOMAS-WEIDER-MES 1-AVANZADO-3 DIAS,consultancy,male,1,9,home_with_material,3,advanced,2026-06-09T08:52:26.212724Z,2026-06-09T08:52:26.212724Z
1032,RECOMPOSICION-CHICOS-MANCUERNAS Y GOMAS-WEIDER-MES 1-AVANZADO-2 DIAS,consultancy,male,1,9,home_with_material,2,advanced,2026-06-09T08:52:26.835680Z,2026-06-09T08:52:26.835680Z
1033,RECOMPOSICION-CHICOS-SOLO GOMAS-WEIDER-MES 1-AVANZADO-5 DIAS,consultancy,male,1,9,home,5,advanced,2026-06-09T08:52:27.364681Z,2026-06-09T08:52:27.364681Z
1034,RECOMPOSICION-CHICOS-SOLO GOMAS-WEIDER-MES 1-AVANZADO-4 DIAS,consultancy,male,1,9,home,4,advanced,2026-06-09T08:52:28.042336Z,2026-06-09T08:52:28.042336Z
1035,RECOMPOSICION-CHICOS-SOLO GOMAS-WEIDER-MES 1-AVANZADO-3 DIAS,consultancy,male,1,9,home,3,advanced,2026-06-09T08:52:28.924203Z,2026-06-09T08:52:28.924203Z
1036,RECOMPOSICION-CHICOS-SOLO GOMAS-WEIDER-MES 1-AVANZADO-2 DIAS,consultancy,male,1,9,home,2,advanced,2026-06-09T08:52:29.602157Z,2026-06-09T08:52:29.602157Z
1037,RECOMPOSICION-CHICAS-GIMNASIO-WEIDER-MES 1-AVANZADO-5 DIAS,consultancy,female,1,9,gym,5,advanced,2026-06-09T08:52:30.140116Z,2026-06-09T08:52:30.140116Z
1038,RECOMPOSICION-CHICAS-GIMNASIO-WEIDER-MES 1-AVANZADO-4 DIAS,consultancy,female,1,9,gym,4,advanced,2026-06-09T08:52:31.180490Z,2026-06-09T08:52:31.180490Z
1039,RECOMPOSICION-CHICAS-GIMNASIO-WEIDER-MES 1-AVANZADO-2 DIAS,consultancy,female,1,9,gym,2,advanced,2026-06-09T08:52:31.784530Z,2026-06-09T08:52:31.784530Z
1040,RECOMPOSICION-CHICOS-MANCUERNAS Y GOMAS-EMPUJES Y TRACCIONES-MES 2-AVANZADO-3 DIAS,consultancy,male,1,9,home_with_material,3,advanced,2026-06-09T08:52:32.248208Z,2026-06-09T08:52:32.248208Z
1041,RECOMPOSICION-CHICOS-GIMNASIO-TORSO PIERNA-MES 7-AVANZADO-3 DIAS,consultancy,male,1,9,gym,3,advanced,2026-06-09T08:52:33.107304Z,2026-06-09T08:52:33.107304Z
1042,RECOMPOSICION-CHICOS-GIMNASIO-TORSO PIERNA-MES 7-AVANZADO-2 DIAS,consultancy,male,1,9,gym,2,advanced,2026-06-09T08:52:33.745227Z,2026-06-09T08:52:33.745227Z
1043,RECOMPOSICION-CHICOS-GIMNASIO-FULLBODY DESCEN-MES 8-AVANZADO-5 DIAS,consultancy,male,1,9,gym,5,advanced,2026-06-09T08:52:34.392647Z,2026-06-09T08:52:34.392647Z
1044,RECOMPOSICION-CHICOS-GIMNASIO-FULLBODY DESCEN-MES 8-AVANZADO-4 DIAS,consultancy,male,1,9,gym,4,advanced,2026-06-09T08:52:35.445667Z,2026-06-09T08:52:35.445667Z
1045,RECOMPOSICION-CHICOS-MANCUERNAS Y GOMAS-TORSO PIERNA-MES 3-AVANZADO-5 DIAS,consultancy,male,1,9,home_with_material,5,advanced,2026-06-09T08:52:36.739611Z,2026-06-09T08:52:36.739611Z
1046,RECOMPOSICION-CHICOS-MANCUERNAS Y GOMAS-TORSO PIERNA-MES 3-AVANZADO-4 DIAS,consultancy,male,1,9,home_with_material,4,advanced,2026-06-09T08:52:37.489383Z,2026-06-09T08:52:37.489383Z
1047,RECOMPOSICION-CHICOS-MANCUERNAS Y GOMAS-TORSO PIERNA-MES 3-AVANZADO-3 DIAS,consultancy,male,1,9,home_with_material,3,advanced,2026-06-09T08:52:38.271620Z,2026-06-09T08:52:38.271620Z
1048,RECOMPOSICION-CHICOS-MANCUERNAS Y GOMAS-TORSO PIERNA-MES 3-AVANZADO-2 DIAS,consultancy,male,1,9,home_with_material,2,advanced,2026-06-09T08:52:38.887890Z,2026-06-09T08:52:38.887890Z
1049,RECOMPOSICION-CHICOS-MANCUERNAS Y GOMAS-FULLBODY DESCEN-MES 4-AVANZADO-5 DIAS,consultancy,male,1,9,home_with_material,5,advanced,2026-06-09T08:52:39.581483Z,2026-06-09T08:52:39.581483Z
1050,RECOMPOSICION-CHICOS-MANCUERNAS Y GOMAS-FULLBODY DESCEN-MES 4-AVANZADO-4 DIAS,consultancy,male,1,9,home_with_material,4,advanced,2026-06-09T08:52:40.546768Z,2026-06-09T08:52:40.546768Z
1051,RECOMPOSICION-CHICAS-MANCUERNAS Y GOMAS-EMPUJES Y TRACCIONES-MES 2-AVANZADO-5 DIAS,consultancy,female,1,9,home_with_material,5,advanced,2026-06-09T08:52:41.682977Z,2026-06-09T08:52:41.682977Z
1052,RECOMPOSICION-CHICAS-MANCUERNAS Y GOMAS-EMPUJES Y TRACCIONES-MES 2-AVANZADO-4 DIAS,consultancy,female,1,9,home_with_material,4,advanced,2026-06-09T08:52:42.602214Z,2026-06-09T08:52:42.602214Z
1053,RECOMPOSICION-CHICAS-MANCUERNAS Y GOMAS-EMPUJES Y TRACCIONES-MES 2-AVANZADO-3 DIAS,consultancy,female,1,9,home_with_material,3,advanced,2026-06-09T08:52:43.479990Z,2026-06-09T08:52:43.479990Z
1054,RECOMPOSICION-CHICAS-MANCUERNAS Y GOMAS-EMPUJES Y TRACCIONES-MES 2-AVANZADO-2 DIAS,consultancy,female,1,9,home_with_material,2,advanced,2026-06-09T08:52:44.108764Z,2026-06-09T08:52:44.108764Z
1055,RECOMPOSICION-CHICAS-MANCUERNAS Y GOMAS-TORSO PIERNA-MES 3-AVANZADO-5 DIAS,consultancy,female,1,9,home_with_material,5,advanced,2026-06-09T08:52:44.677640Z,2026-06-09T08:52:44.677640Z
1056,RECOMPOSICION-CHICAS-MANCUERNAS Y GOMAS-TORSO PIERNA-MES 3-AVANZADO-4 DIAS,consultancy,female,1,9,home_with_material,4,advanced,2026-06-09T08:52:45.594402Z,2026-06-09T08:52:45.594402Z
1057,RECOMPOSICION-CHICAS-MANCUERNAS Y GOMAS-TORSO PIERNA-MES 3-AVANZADO-3 DIAS,consultancy,female,1,9,home_with_material,3,advanced,2026-06-09T08:52:46.371026Z,2026-06-09T08:52:46.371026Z
1058,RECOMPOSICION-CHICAS-MANCUERNAS Y GOMAS-TORSO PIERNA-MES 3-AVANZADO-2 DIAS,consultancy,female,1,9,home_with_material,2,advanced,2026-06-09T08:52:46.950675Z,2026-06-09T08:52:46.950675Z
1059,RECOMPOSICION-CHICAS-MANCUERNAS Y GOMAS-FULLBODY DESCEN-MES 4-AVANZADO-5 DIAS,consultancy,female,1,9,home_with_material,5,advanced,2026-06-09T08:52:47.682395Z,2026-06-09T08:52:47.682395Z
1060,RECOMPOSICION-CHICAS-MANCUERNAS Y GOMAS-FULLBODY DESCEN-MES 4-AVANZADO-4 DIAS,consultancy,female,1,9,home_with_material,4,advanced,2026-06-09T08:52:48.734149Z,2026-06-09T08:52:48.734149Z
1061,RECOMPOSICION-CHICAS-MANCUERNAS Y GOMAS-FULLBODY DESCEN-MES 4-AVANZADO-3 DIAS,consultancy,female,1,9,home_with_material,3,advanced,2026-06-09T08:52:49.539892Z,2026-06-09T08:52:49.539892Z
1062,RECOMPOSICION-CHICAS-MANCUERNAS Y GOMAS-FULLBODY DESCEN-MES 4-AVANZADO-2 DIAS,consultancy,female,1,9,home_with_material,2,advanced,2026-06-09T08:52:50.340680Z,2026-06-09T08:52:50.340680Z
1063,RECOMPOSICION-CHICOS-MANCUERNAS Y GOMAS-FULLBODY DESCEN-MES 4-AVANZADO-3 DIAS,consultancy,male,1,9,home_with_material,3,advanced,2026-06-09T08:52:50.928029Z,2026-06-09T08:52:50.928029Z
1064,RECOMPOSICION-CHICAS-SOLO GOMAS-EMPUJES Y TRACCIONES-MES 2-AVANZADO-5 DIAS,consultancy,female,1,9,home,5,advanced,2026-06-09T08:52:51.609549Z,2026-06-09T08:52:51.609549Z
1065,RECOMPOSICION-CHICAS-SOLO GOMAS-EMPUJES Y TRACCIONES-MES 2-AVANZADO-4 DIAS,consultancy,female,1,9,home,4,advanced,2026-06-09T08:52:52.535149Z,2026-06-09T08:52:52.535149Z
1066,RECOMPOSICION-CHICOS-SOLO GOMAS-EMPUJES Y TRACCIONES-MES 2-AVANZADO-5 DIAS,consultancy,male,1,9,home,5,advanced,2026-06-09T08:52:53.394245Z,2026-06-09T08:52:53.394245Z
1067,RECOMPOSICION-CHICOS-SOLO GOMAS-EMPUJES Y TRACCIONES-MES 2-AVANZADO-2 DIAS,consultancy,male,1,9,home,2,advanced,2026-06-09T08:52:54.072127Z,2026-06-09T08:52:54.072127Z
1068,RECOMPOSICION-CHICAS-MANCUERNAS Y GOMAS-WEIDER-MES 1-AVANZADO-5 DIAS,consultancy,female,1,9,home_with_material,5,advanced,2026-06-09T08:52:54.593450Z,2026-06-09T08:52:54.593450Z
1069,RECOMPOSICION-CHICAS-MANCUERNAS Y GOMAS-WEIDER-MES 1-AVANZADO-3 DIAS,consultancy,female,1,9,home_with_material,3,advanced,2026-06-09T08:52:55.308890Z,2026-06-09T08:52:55.308890Z
1070,RECOMPOSICION-CHICAS-MANCUERNAS Y GOMAS-WEIDER-MES 1-AVANZADO-2 DIAS,consultancy,female,1,9,home_with_material,2,advanced,2026-06-09T08:52:55.834666Z,2026-06-09T08:52:55.834666Z
1071,RECOMPOSICION-CHICAS-SOLO GOMAS-WEIDER-MES 1-AVANZADO-5 DIAS,consultancy,female,1,9,home,5,advanced,2026-06-09T08:52:56.330989Z,2026-06-09T08:52:56.330989Z
1072,RECOMPOSICION-CHICAS-SOLO GOMAS-WEIDER-MES 1-AVANZADO-3 DIAS,consultancy,female,1,9,home,3,advanced,2026-06-09T08:52:56.925128Z,2026-06-09T08:52:56.925128Z
1073,RECOMPOSICION-CHICAS-SOLO GOMAS-WEIDER-MES 1-AVANZADO-2 DIAS,consultancy,female,1,9,home,2,advanced,2026-06-09T08:52:57.431884Z,2026-06-09T08:52:57.431884Z
1074,RECOMPOSICION-CHICOS-SOLO GOMAS-TORSO PIERNA-MES 3-AVANZADO-4 DIAS,consultancy,male,1,9,home,4,advanced,2026-06-09T08:52:58.268216Z,2026-06-09T08:52:58.268216Z
1075,RECOMPOSICION-CHICOS-SOLO GOMAS-TORSO PIERNA-MES 3-AVANZADO-3 DIAS,consultancy,male,1,9,home,3,advanced,2026-06-09T08:52:58.986647Z,2026-06-09T08:52:58.986647Z
1076,RECOMPOSICION-CHICOS-SOLO GOMAS-TORSO PIERNA-MES 3-AVANZADO-2 DIAS,consultancy,male,1,9,home,2,advanced,2026-06-09T08:52:59.669550Z,2026-06-09T08:52:59.669550Z
1077,RECOMPOSICION-CHICOS-SOLO GOMAS-FULLBODY DESCEN-MES 4-AVANZADO-5 DIAS,consultancy,male,1,9,home,5,advanced,2026-06-09T08:53:00.348795Z,2026-06-09T08:53:00.348795Z
1078,RECOMPOSICION-CHICOS-SOLO GOMAS-FULLBODY DESCEN-MES 4-AVANZADO-4 DIAS,consultancy,male,1,9,home,4,advanced,2026-06-09T08:53:01.609271Z,2026-06-09T08:53:01.609271Z
1079,RECOMPOSICION-CHICOS-SOLO GOMAS-FULLBODY DESCEN-MES 4-AVANZADO-3 DIAS,consultancy,male,1,9,home,3,advanced,2026-06-09T08:53:02.674344Z,2026-06-09T08:53:02.674344Z
1080,RECOMPOSICION-CHICOS-SOLO GOMAS-FULLBODY DESCEN-MES 4-AVANZADO-2 DIAS,consultancy,male,1,9,home,2,advanced,2026-06-09T08:53:03.510007Z,2026-06-09T08:53:03.510007Z
1081,RECOMPOSICION-CHICAS-SOLO GOMAS-EMPUJES Y TRACCIONES-MES 2-AVANZADO-3 DIAS,consultancy,female,1,9,home,3,advanced,2026-06-09T08:53:04.031795Z,2026-06-09T08:53:04.031795Z
1082,RECOMPOSICION-CHICAS-SOLO GOMAS-EMPUJES Y TRACCIONES-MES 2-AVANZADO-2 DIAS,consultancy,female,1,9,home,2,advanced,2026-06-09T08:53:04.574317Z,2026-06-09T08:53:04.574317Z
1083,RECOMPOSICION-CHICAS-SOLO GOMAS-FULLBODY DESCEN-MES 4-AVANZADO-5 DIAS,consultancy,female,1,9,home,5,advanced,2026-06-09T08:53:05.142547Z,2026-06-09T08:53:05.142547Z
1084,RECOMPOSICION-CHICAS-SOLO GOMAS-FULLBODY DESCEN-MES 4-AVANZADO-4 DIAS,consultancy,female,1,9,home,4,advanced,2026-06-09T08:53:06.209362Z,2026-06-09T08:53:06.209362Z
1085,RECOMPOSICION-CHICAS-SOLO GOMAS-FULLBODY DESCEN-MES 4-AVANZADO-3 DIAS,consultancy,female,1,9,home,3,advanced,2026-06-09T08:53:07.211502Z,2026-06-09T08:53:07.211502Z
1086,RECOMPOSICION-CHICOS-SOLO GOMAS-EMPUJES Y TRACCIONES-MES 2-AVANZADO-3 DIAS,consultancy,male,1,9,home,3,advanced,2026-06-09T08:53:09.034367Z,2026-06-09T08:53:09.034367Z
1087,RECOMPOSICION-CHICAS-SOLO GOMAS-FULLBODY DESCEN-MES 4-AVANZADO-2 DIAS,consultancy,female,1,9,home,2,advanced,2026-06-09T08:53:09.762622Z,2026-06-09T08:53:09.762622Z
1088,RECOMPOSICION-CHICOS-GIMNASIO-EMPUJES Y TRACCIONES-MES 2-AVANZADO-5 DIAS,consultancy,male,1,9,gym,5,advanced,2026-06-09T08:53:10.317058Z,2026-06-09T08:53:10.317058Z
1089,RECOMPOSICION-CHICOS-GIMNASIO-EMPUJES Y TRACCIONES-MES 6-AVANZADO-4 DIAS,consultancy,male,1,9,gym,4,advanced,2026-06-09T08:53:11.005868Z,2026-06-09T08:53:11.005868Z
1090,RECOMPOSICION-CHICOS-GIMNASIO-TORSO PIERNA-MES 3-AVANZADO-4 DIAS,consultancy,male,1,9,gym,4,advanced,2026-06-09T08:53:11.619461Z,2026-06-09T08:53:11.619461Z
1091,RECOMPOSICION-CHICOS-GIMNASIO-TORSO PIERNA-MES 3-AVANZADO-2 DIAS,consultancy,male,1,9,gym,2,advanced,2026-06-09T08:53:12.440083Z,2026-06-09T08:53:12.440083Z
1092,RECOMPOSICION-CHICOS-GIMNASIO-FULLBODY DESCEN-MES 4-AVANZADO-3 DIAS,consultancy,male,1,9,gym,3,advanced,2026-06-09T08:53:12.951832Z,2026-06-09T08:53:12.951832Z
1093,RECOMPOSICION-CHICOS-GIMNASIO-WEIDER-MES 5-AVANZADO-2 DIAS,consultancy,male,1,9,gym,2,advanced,2026-06-09T08:53:13.625317Z,2026-06-09T08:53:13.625317Z
1094,RECOMPOSICION-CHICOS-GIMNASIO-WEIDER-MES 5-AVANZADO-3 DIAS,consultancy,male,1,9,gym,3,advanced,2026-06-09T08:53:14.187965Z,2026-06-09T08:53:14.187965Z
1095,RECOMPOSICION-CHICOS-GIMNASIO-WEIDER-MES 5-AVANZADO-5 DIAS,consultancy,male,1,9,gym,5,advanced,2026-06-09T08:53:14.691713Z,2026-06-09T08:53:14.691713Z
1096,RECOMPOSICION-CHICOS-GIMNASIO-FULLBODY DESCEN-MES 4-AVANZADO-2 DIAS,consultancy,male,1,9,gym,2,advanced,2026-06-09T08:53:15.473103Z,2026-06-09T08:53:15.473103Z
1097,RECOMPOSICION-CHICOS-GIMNASIO-WEIDER-MES 5-AVANZADO-4 DIAS,consultancy,male,1,9,gym,4,advanced,2026-06-09T08:53:16.099490Z,2026-06-09T08:53:16.099490Z
1098,RECOMPOSICION-CHICOS-GIMNASIO-WEIDER-MES 1-AVANZADO-2 DIAS,consultancy,male,1,9,gym,2,advanced,2026-06-09T08:53:16.627531Z,2026-06-09T08:53:16.627531Z
1099,RECOMPOSICION-CHICOS-GIMNASIO-WEIDER-MES 1-AVANZADO-4 DIAS,consultancy,male,1,9,gym,4,advanced,2026-06-09T08:53:17.141214Z,2026-06-09T08:53:17.141214Z
1100,RECOMPOSICION-CHICOS-GIMNASIO-EMPUJES Y TRACCIONES-MES 6-AVANZADO-5 DIAS,consultancy,male,1,9,gym,5,advanced,2026-06-09T08:53:17.666312Z,2026-06-09T08:53:17.666312Z
1101,RECOMPOSICION-CHICOS-GIMNASIO-TORSO PIERNA-MES 3-AVANZADO-3 DIAS,consultancy,male,1,9,gym,3,advanced,2026-06-09T08:53:18.373072Z,2026-06-09T08:53:18.373072Z
1102,RECOMPOSICION-CHICOS-GIMNASIO-FULLBODY DESCEN-MES 4-AVANZADO-4 DIAS,consultancy,male,1,9,gym,4,advanced,2026-06-09T08:53:18.928094Z,2026-06-09T08:53:18.928094Z
1103,RECOMPOSICION-CHICOS-GIMNASIO-FULLBODY DESCEN-MES 4-AVANZADO-5 DIAS,consultancy,male,1,9,gym,5,advanced,2026-06-09T08:53:19.812635Z,2026-06-09T08:53:19.812635Z
1104,RECOMPOSICION-CHICOS-SOLO GOMAS-TORSO PIERNA-MES 3-AVANZADO-5 DIAS,consultancy,male,1,9,home,5,advanced,2026-06-09T08:53:45.472530Z,2026-06-09T08:53:45.472530Z
1105,RECOMPOSICION-CHICOS-GIMNASIO-TORSO PIERNA-MES 3-AVANZADO-5 DIAS,consultancy,male,1,9,gym,5,advanced,2026-06-11T07:51:16.325306Z,2026-06-11T07:51:16.325306Z
1106,RECOMPOSICION-CHICOS-GIMNASIO-EMPUJES Y TRACCIONES-MES 2-AVANZADO-3 DIAS,consultancy,male,1,9,gym,3,advanced,2026-06-11T07:51:17.188257Z,2026-06-11T07:51:17.188257Z
1107,RECOMPOSICION-CHICOS-GIMNASIO-EMPUJES Y TRACCIONES-MES 2-AVANZADO-4 DIAS,consultancy,male,1,9,gym,4,advanced,2026-06-11T07:51:17.900939Z,2026-06-11T07:51:17.900939Z
1108,RECOMPOSICION-CHICOS-GIMNASIO-EMPUJES Y TRACCIONES-MES 2-AVANZADO-2 DIAS,consultancy,male,1,9,gym,2,advanced,2026-06-11T07:51:18.841719Z,2026-06-11T07:51:18.841719Z
1109,RECOMPOSICION-CHICOS-GIMNASIO-WEIDER-MES 1-AVANZADO-5 DIAS,consultancy,male,1,9,gym,5,advanced,2026-06-11T07:51:19.381688Z,2026-06-11T07:51:19.381688Z
1110,RECOMPOSICION-CHICOS-GIMNASIO-EMPUJES Y TRACCIONES-MES 6-AVANZADO-2 DIAS,consultancy,male,1,9,gym,2,advanced,2026-06-11T07:51:20.220180Z,2026-06-11T07:51:20.220180Z
1111,RECOMPOSICION-CHICOS-GIMNASIO-WEIDER-MES 1-AVANZADO-3 DIAS,consultancy,male,1,9,gym,3,advanced,2026-06-11T07:51:20.791772Z,2026-06-11T07:51:20.791772Z
1112,RECOMPOSICION-CHICOS-GIMNASIO-EMPUJES Y TRACCIONES-MES 6-AVANZADO-3 DIAS,consultancy,male,1,9,gym,3,advanced,2026-06-11T07:51:21.674604Z,2026-06-11T07:51:21.674604Z
1113,RECOMPOSICION-CHICOS-GIMNASIO-TORSO PIERNA-MES 7-AVANZADO-4 DIAS,consultancy,male,1,9,gym,4,advanced,2026-06-11T07:51:22.296685Z,2026-06-11T07:51:22.296685Z
1114,RECOMPOSICION-CHICOS-GIMNASIO-WEIDER-MES 9-AVANZADO-4 DIAS,consultancy,male,1,9,gym,4,advanced,2026-06-11T07:51:22.927494Z,2026-06-11T07:51:22.927494Z
1115,RECOMPOSICION-CHICOS-GIMNASIO-WEIDER-MES 9-AVANZADO-5 DÍAS,consultancy,male,1,9,gym,5,advanced,2026-06-11T07:51:23.573117Z,2026-06-11T07:51:23.573117Z
1116,RECOMPOSICION-CHICOS-GIMNASIO-WEIDER-MES 9-AVANZADO-3 DÍAS,consultancy,male,1,9,gym,3,advanced,2026-06-11T07:51:24.339048Z,2026-06-11T07:51:24.339048Z
1117,RECOMPOSICION-CHICOS-GIMNASIO-WEIDER-MES 9-AVANZADO-2 DÍAS,consultancy,male,1,9,gym,2,advanced,2026-06-11T07:51:25.002895Z,2026-06-11T07:51:25.002895Z
1118,RECOMPOSICION-CHICOS-GIMNASIO-WEIDER-MES 6-PRINCIPIANTE-5 DIAS,consultancy,male,1,9,gym,5,beginner,2026-06-11T07:51:25.564959Z,2026-06-11T07:51:25.564959Z
1119,RECOMPOSICION-CHICOS-GIMNASIO-WEIDER-MES 6-PRINCIPIANTE-4 DIAS,consultancy,male,1,9,gym,4,beginner,2026-06-11T07:51:26.252036Z,2026-06-11T07:51:26.252036Z
1120,RECOMPOSICION-CHICOS-GIMNASIO-WEIDER-MES 6-PRINCIPIANTE-3 DIAS,consultancy,male,1,9,gym,3,beginner,2026-06-11T07:51:26.874952Z,2026-06-11T07:51:26.874952Z
1121,RECOMPOSICION-CHICOS-GIMNASIO-WEIDER-MES 6-PRINCIPIANTE-2 DIAS,consultancy,male,1,9,gym,2,beginner,2026-06-11T07:51:27.440646Z,2026-06-11T07:51:27.440646Z
1122,RECOMPOSICION-CHICOS-GIMNASIO-FULLBODY DESCEN-MES 4-PRINCIPIANTE-3 DIAS,consultancy,male,1,9,gym,3,beginner,2026-06-11T07:51:27.915148Z,2026-06-11T07:51:27.915148Z
1123,RECOMPOSICION-CHICOS-GIMNASIO-TORSO PIERNA-MES 3-PRINCIPIANTE-5 DIAS,consultancy,male,1,9,gym,5,beginner,2026-06-11T07:51:28.705993Z,2026-06-11T07:51:28.705993Z
1124,RECOMPOSICION-CHICOS-GIMNASIO-TORSO PIERNA-MES 3-PRINCIPIANTE-3 DIAS,consultancy,male,1,9,gym,3,beginner,2026-06-11T07:51:29.446568Z,2026-06-11T07:51:29.446568Z
1125,RECOMPOSICION-CHICOS-GIMNASIO-TORSO PIERNA-MES 3-PRINCIPIANTE-4 DIAS,consultancy,male,1,9,gym,4,beginner,2026-06-11T07:51:30.292665Z,2026-06-11T07:51:30.292665Z
1126,RECOMPOSICION-CHICOS-GIMNASIO-TORSO PIERNA-MES 3-PRINCIPIANTE-2 DIAS,consultancy,male,1,9,gym,2,beginner,2026-06-11T07:51:31.382475Z,2026-06-11T07:51:31.382475Z
1127,RECOMPOSICION-CHICOS-GIMNASIO-FULLBODY DESCEN-MES 4-PRINCIPIANTE-2 DIAS,consultancy,male,1,9,gym,2,beginner,2026-06-11T07:51:32.014584Z,2026-06-11T07:51:32.014584Z
1128,RECOMPOSICION-CHICOS-GIMNASIO-FULLBODY DESCEN-MES 4-PRINCIPIANTE-5 DIAS,consultancy,male,1,9,gym,5,beginner,2026-06-11T07:51:32.544528Z,2026-06-11T07:51:32.544528Z
1129,RECOMPOSICION-CHICOS-GIMNASIO-FULLBODY DESCEN-MES 4-PRINCIPIANTE-4 DIAS,consultancy,male,1,9,gym,4,beginner,2026-06-11T07:51:33.649663Z,2026-06-11T07:51:33.649663Z
1130,RECOMPOSICION-CHICOS-GIMNASIO-WEIDER-MES 5-PRINCIPIANTE-5 DIAS,consultancy,male,1,9,gym,5,beginner,2026-06-11T07:51:34.444278Z,2026-06-11T07:51:34.444278Z
1131,RECOMPOSICION-CHICOS-GIMNASIO-WEIDER-MES 5-PRINCIPIANTE-3 DIAS,consultancy,male,1,9,gym,3,beginner,2026-06-11T07:51:35.199677Z,2026-06-11T07:51:35.199677Z
1132,RECOMPOSICION-CHICOS-GIMNASIO-WEIDER-MES 5-PRINCIPIANTE-2 DIAS,consultancy,male,1,9,gym,2,beginner,2026-06-11T07:51:35.709404Z,2026-06-11T07:51:35.709404Z
1133,RECOMPOSICION-CHICOS-GIMNASIO-WEIDER-MES 5-PRINCIPIANTE-4 DIAS,consultancy,male,1,9,gym,4,beginner,2026-06-11T07:51:36.191171Z,2026-06-11T07:51:36.191171Z
1134,RECOMPOSICION-PRUEBA-KATA-DIA5,consultancy,male,1,9,gym,1,beginner,2026-06-11T07:51:37.100774Z,2026-06-11T07:51:37.100774Z
1135,RECOMPOSICION-CHICOS-MANCUERNAS Y GOMAS-WEIDER-MES 1-AVANZADO-5 DIAS,consultancy,male,1,9,home_with_material,5,advanced,2026-06-11T07:51:37.507363Z,2026-06-11T07:51:37.507363Z
1136,RECOMPOSICION-CHICOS-MANCUERNAS Y GOMAS-WEIDER-MES 1-AVANZADO-4 DIAS,consultancy,male,1,9,home_with_material,4,advanced,2026-06-11T07:51:38.341821Z,2026-06-11T07:51:38.341821Z
1137,RECOMPOSICION-CHICOS-MANCUERNAS Y GOMAS-WEIDER-MES 5-AVANZADO-5 DIAS,consultancy,male,1,9,home_with_material,5,advanced,2026-06-11T07:51:39.029535Z,2026-06-11T07:51:39.029535Z
1138,RECOMPOSICION-CHICOS-MANCUERNAS Y GOMAS-WEIDER-MES 5-AVANZADO-4 DIAS,consultancy,male,1,9,home_with_material,4,advanced,2026-06-11T07:51:39.693975Z,2026-06-11T07:51:39.693975Z
1139,RECOMPOSICION-CHICOS-MANCUERNAS Y GOMAS-WEIDER-MES 5-AVANZADO-3 DIAS,consultancy,male,1,9,home_with_material,3,advanced,2026-06-11T07:51:40.302154Z,2026-06-11T07:51:40.302154Z
1140,RECOMPOSICION-CHICOS-MANCUERNAS Y GOMA-WEIDER-MES 5-AVANZADO-2 DIAS,consultancy,male,1,9,home_with_material,2,advanced,2026-06-11T07:51:40.848566Z,2026-06-11T07:51:40.848566Z
1141,RECOMPOSICION-CHICOS-MANCUERNAS Y GOMAS-FULLBODY DESCEN-MES 4-AVANZADO-2 DIAS,consultancy,male,1,9,home_with_material,2,advanced,2026-06-11T07:51:41.371239Z,2026-06-11T07:51:41.371239Z
1142,RECOMPOSICION-CHICOS-MANCUERNAS Y GOMAS-TORSO PIERNA-MES 7-AVANZADO-4 DIAS,consultancy,male,1,9,home_with_material,4,advanced,2026-06-11T07:51:41.907664Z,2026-06-11T07:51:41.907664Z
1143,RECOMPOSICION-CHICOS-MANCUERNAS Y GOMAS-TORSO PIERNA-MES 7-AVANZADO-2 DIAS,consultancy,male,1,9,home_with_material,2,advanced,2026-06-11T07:51:42.564459Z,2026-06-11T07:51:42.564459Z
1144,RECOMPOSICION-CHICOS-MANCUERNAS Y GOMAS-TORSO PIERNA-MES 7-AVANZADO-3 DIAS,consultancy,male,1,9,home_with_material,3,advanced,2026-06-11T07:51:43.156155Z,2026-06-11T07:51:43.156155Z
1145,RECOMPOSICION-CHICOS-MANCUERNAS Y GOMAS-TORSO PIERNA-MES 7-AVANZADO-5 DIAS,consultancy,male,1,9,home_with_material,5,advanced,2026-06-11T07:51:43.783235Z,2026-06-11T07:51:43.783235Z
1146,RECOMPOSICION-CHICOS-MANCUERNAS Y GOMAS-EMPUJES Y TRACCIONES-MES 6-AVANZADO-5 DIAS,consultancy,male,1,9,home_with_material,5,advanced,2026-06-11T07:51:44.820583Z,2026-06-11T07:51:44.820583Z
1147,RECOMPOSICION-CHICOS-MANCUERNAS Y GOMAS-EMPUJES Y TRACCIONES-MES 6-AVANZADO-4 DIAS,consultancy,male,1,9,home_with_material,4,advanced,2026-06-11T07:51:45.984808Z,2026-06-11T07:51:45.984808Z
1148,RECOMPOSICION-CHICOS-MANCUERNAS Y GOMAS-EMPUJES Y TRACCIONES-MES 6-AVANZADO-3 DIAS,consultancy,male,1,9,home_with_material,3,advanced,2026-06-11T07:51:46.604687Z,2026-06-11T07:51:46.604687Z
1149,RECOMPOSICION-CHICOS-MANCUERNAS Y GOMAS-EMPUJES Y TRACCIONES-MES 6-AVANZADO-2 DIAS,consultancy,male,1,9,home_with_material,2,advanced,2026-06-11T07:51:47.128131Z,2026-06-11T07:51:47.128131Z
1150,RECOMPOSICION-CHICOS-MANCUERNAS Y GOMAS-FULLBODY DESCEN-MES 8-AVANZADO-5 DIAS,consultancy,male,1,9,home_with_material,5,advanced,2026-06-11T07:51:47.645608Z,2026-06-11T07:51:47.645608Z
1151,RECOMPOSICION-CHICOS-MANCUERNAS Y GOMAS-FULLBODY DESCEN-MES 8-AVANZADO-4 DIAS,consultancy,male,1,9,home_with_material,4,advanced,2026-06-11T07:51:48.574161Z,2026-06-11T07:51:48.574161Z
1152,RECOMPOSICION-CHICOS-MANCUERNAS Y GOMAS-FULLBODY DESCEN-MES 8-AVANZADO-3 DIAS,consultancy,male,1,9,home_with_material,3,advanced,2026-06-11T07:51:49.361813Z,2026-06-11T07:51:49.361813Z
1153,RECOMPOSICION-CHICOS-MANCUERNAS Y GOMAS-FULLBODY DESCEN-MES 8-AVANZADO-2 DIAS,consultancy,male,1,9,home_with_material,2,advanced,2026-06-11T07:51:50.034706Z,2026-06-11T07:51:50.034706Z
1154,RECOMPOSICION-CHICOS-MANCUERNAS Y GOMAS-WEIDER-MES 9-AVANZADO-5 DIAS,consultancy,male,1,9,home_with_material,5,advanced,2026-06-11T07:51:50.573921Z,2026-06-11T07:51:50.573921Z
1155,RECOMPOSICION-CHICOS-MANCUERNAS Y GOMAS-WEIDER-MES 9-AVANZADO-4 DIAS,consultancy,male,1,9,home_with_material,4,advanced,2026-06-11T07:51:51.292847Z,2026-06-11T07:51:51.292847Z
1156,RECOMPOSICION-CHICOS-MANCUERNAS Y GOMAS-WEIDER-MES 9-AVANZADO-3 DIAS,consultancy,male,1,9,home_with_material,3,advanced,2026-06-11T07:51:51.894155Z,2026-06-11T07:51:51.894155Z
1157,RECOMPOSICION-CHICOS-MANCUERNAS Y GOMA-WEIDER-MES 9-AVANZADO-2 DIAS,consultancy,male,1,9,home_with_material,2,advanced,2026-06-11T07:51:52.463083Z,2026-06-11T07:51:52.463083Z
1158,RECOMPOSICION-CHICOS-MANCUERNAS Y GOMAS-WEIDER-MES 1-PRINCIPIANTE-5 DIAS,consultancy,male,1,9,home_with_material,5,beginner,2026-06-11T07:51:52.931576Z,2026-06-11T07:51:52.931576Z
1159,RECOMPOSICION-CHICOS-MANCUERNAS Y GOMAS-WEIDER-MES 1-PRINCIPIANTE-4 DIAS,consultancy,male,1,9,home_with_material,4,beginner,2026-06-11T07:51:53.686970Z,2026-06-11T07:51:53.686970Z
1160,RECOMPOSICION-CHICOS-MANCUERNAS Y GOMAS-WEIDER-MES 1-PRINCIPIANTE-3 DIAS,consultancy,male,1,9,home_with_material,3,beginner,2026-06-11T07:51:54.343670Z,2026-06-11T07:51:54.343670Z
1161,RECOMPOSICION-CHICOS-MANCUERNAS Y GOMAS-WEIDER-MES 1-PRINCIPIANTE-2 DIAS,consultancy,male,1,9,home_with_material,2,beginner,2026-06-11T07:51:54.875794Z,2026-06-11T07:51:54.875794Z
1162,RECOMPOSICION-CHICOS-MANCUERNAS Y GOMAS-EMPUJES Y TRACCIONES-MES 2-PRINCIPIANTE-5 DIAS,consultancy,male,1,9,home_with_material,5,beginner,2026-06-11T07:51:55.339220Z,2026-06-11T07:51:55.339220Z
1163,RECOMPOSICION-CHICOS-MANCUERNAS Y GOMAS-EMPUJES Y TRACCIONES-MES 2-PRINCIPIANTE-4 DIAS,consultancy,male,1,9,home_with_material,4,beginner,2026-06-11T07:51:56.044801Z,2026-06-11T07:51:56.044801Z
1164,RECOMPOSICION-CHICOS-MANCUERNAS Y GOMAS-EMPUJES Y TRACCIONES-MES 2-PRINCIPIANTE-3 DIAS,consultancy,male,1,9,home_with_material,3,beginner,2026-06-11T07:51:56.679365Z,2026-06-11T07:51:56.679365Z
1165,RECOMPOSICION-CHICOS-MANCUERNAS Y GOMAS-EMPUJES Y TRACCIONES-MES 2-PRINCIPIANTE-2 DIAS,consultancy,male,1,9,home_with_material,2,beginner,2026-06-11T07:51:57.246617Z,2026-06-11T07:51:57.246617Z
1166,RECOMPOSICION-CHICOS-MANCUERNAS Y GOMAS-TORSO PIERNA-MES 3-PRINCIPIANTE-5 DIAS,consultancy,male,1,9,home_with_material,5,beginner,2026-06-11T07:51:57.778661Z,2026-06-11T07:51:57.778661Z
1167,RECOMPOSICION-CHICOS-MANCUERNAS Y GOMAS-TORSO PIERNA-MES 3-PRINCIPIANTE-4 DIAS,consultancy,male,1,9,home_with_material,4,beginner,2026-06-11T07:51:58.546675Z,2026-06-11T07:51:58.546675Z
1168,RECOMPOSICION-CHICOS-MANCUERNAS Y GOMAS-TORSO PIERNA-MES 3-PRINCIPIANTE-3 DIAS,consultancy,male,1,9,home_with_material,3,beginner,2026-06-11T07:51:59.240971Z,2026-06-11T07:51:59.240971Z
1169,RECOMPOSICION-CHICOS-MANCUERNAS Y GOMAS-TORSO PIERNA-MES 3-PRINCIPIANTE-2 DIAS,consultancy,male,1,9,home_with_material,2,beginner,2026-06-11T07:51:59.822863Z,2026-06-11T07:51:59.822863Z
1170,RECOMPOSICION-CHICOS-MANCUERNAS Y GOMAS-FULLBODY DESCEN-MES 4-PRINCIPIANTE-5 DIAS,consultancy,male,1,9,home_with_material,5,beginner,2026-06-11T07:52:00.501503Z,2026-06-11T07:52:00.501503Z
1171,RECOMPOSICION-CHICOS-MANCUERNAS Y GOMAS-FULLBODY DESCEN-MES 4-PRINCIPIANTE-3 DIAS,consultancy,male,1,9,home_with_material,3,beginner,2026-06-11T07:52:01.701844Z,2026-06-11T07:52:01.701844Z
1172,RECOMPOSICION-CHICOS-MANCUERNAS Y GOMAS-FULLBODY DESCEN-MES 4-PRINCIPIANTE-2 DIAS,consultancy,male,1,9,home_with_material,2,beginner,2026-06-11T07:52:02.869737Z,2026-06-11T07:52:02.869737Z
1173,RECOMPOSICION-CHICOS-MANCUERNAS Y GOMAS-FULLBODY DESCEN-MES 4-PRINCIPIANTE-4 DIAS,consultancy,male,1,9,home_with_material,4,beginner,2026-06-11T07:52:03.471302Z,2026-06-11T07:52:03.471302Z
1174,RECOMPOSICION-CHICOS-MANCUERNAS Y GOMAS-WEIDER-MES 5-PRINCIPIANTE-5 DIAS,consultancy,male,1,9,home_with_material,5,beginner,2026-06-11T07:52:04.426016Z,2026-06-11T07:52:04.426016Z
1175,RECOMPOSICION-CHICOS-MANCUERNAS Y GOMAS-WEIDER-MES 5-PRINCIPIANTE-4 DIAS,consultancy,male,1,9,home_with_material,4,beginner,2026-06-11T07:52:05.173797Z,2026-06-11T07:52:05.173797Z
1176,RECOMPOSICION-CHICOS-MANCUERNAS Y GOMAS-WEIDER-MES 5-PRINCIPIANTE-3 DIAS,consultancy,male,1,9,home_with_material,3,beginner,2026-06-11T07:52:05.869354Z,2026-06-11T07:52:05.869354Z
1177,RECOMPOSICION-CHICOS-MANCUERNAS Y GOMA-WEIDER-MES 5-PRINCIPIANTE-2 DIAS,consultancy,male,1,9,home_with_material,2,beginner,2026-06-11T07:52:06.495028Z,2026-06-11T07:52:06.495028Z
1178,RECOMPOSICION-CHICOS-MANCUERNAS Y GOMAS-WEIDER-MES 6-PRINCIPIANTE-5 DIAS,consultancy,male,1,9,home_with_material,5,beginner,2026-06-11T07:52:07.008530Z,2026-06-11T07:52:07.008530Z
1179,RECOMPOSICION-CHICOS-MANCUERNAS Y GOMAS-WEIDER-MES 6-PRINCIPIANTE-4 DIAS,consultancy,male,1,9,home_with_material,4,beginner,2026-06-11T07:52:07.958070Z,2026-06-11T07:52:07.958070Z
1180,RECOMPOSICION-CHICOS-MANCUERNAS Y GOMAS-WEIDER-MES 6-PRINCIPIANTE-3 DIAS,consultancy,male,1,9,home_with_material,3,beginner,2026-06-11T07:52:08.727348Z,2026-06-11T07:52:08.727348Z
1181,RECOMPOSICION-CHICOS-MANCUERNAS Y GOMAS-WEIDER-MES 6-PRINCIPIANTE-2 DIAS,consultancy,male,1,9,home_with_material,2,beginner,2026-06-11T07:52:09.454305Z,2026-06-11T07:52:09.454305Z
1182,RECOMPOSICION-CHICOS-SOLO GOMAS-EMPUJES Y TRACCIONES-MES 2-AVANZADO-4 DIAS,consultancy,male,1,9,home,4,advanced,2026-06-11T07:52:10.122289Z,2026-06-11T07:52:10.122289Z
1183,RECOMPOSICION-CHICOS-SOLO GOMAS-WEIDER-MES 5-AVANZADO-5 DIAS,consultancy,male,1,9,home,5,advanced,2026-06-11T07:52:10.863450Z,2026-06-11T07:52:10.863450Z
1184,RECOMPOSICION-CHICOS-SOLO GOMAS-WEIDER-MES 5-AVANZADO-4 DIAS,consultancy,male,1,9,home,4,advanced,2026-06-11T07:52:11.629521Z,2026-06-11T07:52:11.629521Z
1185,RECOMPOSICION-CHICOS-SOLO GOMAS-WEIDER-MES 5-AVANZADO-3 DIAS,consultancy,male,1,9,home,3,advanced,2026-06-11T07:52:12.318941Z,2026-06-11T07:52:12.318941Z
1186,RECOMPOSICION-CHICOS-SOLO GOMAS-WEIDER-MES 5-AVANZADO-2 DIAS,consultancy,male,1,9,home,2,advanced,2026-06-11T07:52:12.933185Z,2026-06-11T07:52:12.933185Z
1187,RECOMPOSICION-CHICOS-SOLO GOMAS-TORSO PIERNA-MES 7-AVANZADO-5 DIAS,consultancy,male,1,9,home,5,advanced,2026-06-11T07:52:13.548230Z,2026-06-11T07:52:13.548230Z
1188,RECOMPOSICION-CHICOS-SOLO GOMAS-TORSO PIERNA-MES 7-AVANZADO-2 DIAS,consultancy,male,1,9,home,2,advanced,2026-06-11T07:52:14.556057Z,2026-06-11T07:52:14.556057Z
1189,RECOMPOSICION-CHICOS-SOLO GOMAS-TORSO PIERNA-MES 7-AVANZADO-4 DIAS,consultancy,male,1,9,home,4,advanced,2026-06-11T07:52:15.340596Z,2026-06-11T07:52:15.340596Z
1190,RECOMPOSICION-CHICOS-SOLO GOMAS-TORSO PIERNA-MES 7-AVANZADO-3 DIAS,consultancy,male,1,9,home,3,advanced,2026-06-11T07:52:16.118549Z,2026-06-11T07:52:16.118549Z
1191,RECOMPOSICION-CHICOS-SOLO GOMAS-EMPUJES Y TRACCIONES-MES 6-AVANZADO-5 DIAS,consultancy,male,1,9,home,5,advanced,2026-06-11T07:52:16.862775Z,2026-06-11T07:52:16.862775Z
1192,RECOMPOSICION-CHICOS-SOLO GOMAS-EMPUJES Y TRACCIONES-MES 6-AVANZADO-4 DIAS,consultancy,male,1,9,home,4,advanced,2026-06-11T07:52:17.665918Z,2026-06-11T07:52:17.665918Z
1193,RECOMPOSICION-CHICOS-SOLO GOMAS-EMPUJES Y TRACCIONES-MES 6-AVANZADO-3 DIAS,consultancy,male,1,9,home,3,advanced,2026-06-11T07:52:18.399377Z,2026-06-11T07:52:18.399377Z
1194,RECOMPOSICION-CHICOS-SOLO GOMAS-EMPUJES Y TRACCIONES-MES 6-AVANZADO-2 DIAS,consultancy,male,1,9,home,2,advanced,2026-06-11T07:52:19.027052Z,2026-06-11T07:52:19.027052Z
1195,RECOMPOSICION-CHICOS-SOLO GOMAS-FULLBODY DESCEN-MES 8-AVANZADO-5 DIAS,consultancy,male,1,9,home,5,advanced,2026-06-11T07:52:19.753281Z,2026-06-11T07:52:19.753281Z
1196,RECOMPOSICION-CHICOS-SOLO GOMAS-FULLBODY DESCEN-MES 8-AVANZADO-4 DIAS,consultancy,male,1,9,home,4,advanced,2026-06-11T07:52:20.701604Z,2026-06-11T07:52:20.701604Z
1197,RECOMPOSICION-CHICOS-SOLO GOMAS-FULLBODY DESCEN-MES 8-AVANZADO-3 DIAS,consultancy,male,1,9,home,3,advanced,2026-06-11T07:52:21.513096Z,2026-06-11T07:52:21.513096Z
1198,RECOMPOSICION-CHICOS-SOLO GOMAS-FULLBODY DESCEN-MES 8-AVANZADO-2 DIAS,consultancy,male,1,9,home,2,advanced,2026-06-11T07:52:22.212478Z,2026-06-11T07:52:22.212478Z
1199,RECOMPOSICION-CHICOS-SOLO GOMAS-WEIDER-MES 9-AVANZADO-5 DIAS,consultancy,male,1,9,home,5,advanced,2026-06-11T07:52:22.706180Z,2026-06-11T07:52:22.706180Z
1200,RECOMPOSICION-CHICOS-SOLO GOMAS-WEIDER-MES 9-AVANZADO-4 DIAS,consultancy,male,1,9,home,4,advanced,2026-06-11T07:52:23.375560Z,2026-06-11T07:52:23.375560Z
1201,RECOMPOSICION-CHICOS-SOLO GOMAS-WEIDER-MES 9-AVANZADO-3 DIAS,consultancy,male,1,9,home,3,advanced,2026-06-11T07:52:24.014774Z,2026-06-11T07:52:24.014774Z
1202,RECOMPOSICION-CHICOS-SOLO GOMAS-WEIDER-MES 9-AVANZADO-2 DIAS,consultancy,male,1,9,home,2,advanced,2026-06-11T07:52:24.603261Z,2026-06-11T07:52:24.603261Z
1203,RECOMPOSICION-CHICOS-SOLO GOMAS-WEIDER-MES 1-PRINCIPIANTE-5 DIAS,consultancy,male,1,9,home,5,beginner,2026-06-11T07:52:25.182988Z,2026-06-11T07:52:25.182988Z
1204,RECOMPOSICION-CHICOS-SOLO GOMAS-WEIDER-MES 1-PRINCIPIANTE-4 DIAS,consultancy,male,1,9,home,4,beginner,2026-06-11T07:52:26.064697Z,2026-06-11T07:52:26.064697Z
1205,RECOMPOSICION-CHICOS-SOLO GOMAS-WEIDER-MES 1-PRINCIPIANTE-3 DIAS,consultancy,male,1,9,home,3,beginner,2026-06-11T07:52:26.679673Z,2026-06-11T07:52:26.679673Z
1206,RECOMPOSICION-CHICOS-SOLO GOMAS-WEIDER-MES 1-PRINCIPIANTE-2 DIAS,consultancy,male,1,9,home,2,beginner,2026-06-11T07:52:27.221291Z,2026-06-11T07:52:27.221291Z
1207,RECOMPOSICION-CHICOS-SOLO GOMAS-EMPUJES Y TRACCIONES-MES 2-PRINCIPIANTE-5 DIAS,consultancy,male,1,9,home,5,beginner,2026-06-11T07:52:27.663621Z,2026-06-11T07:52:27.663621Z
1208,RECOMPOSICION-CHICOS-SOLO GOMAS-EMPUJES Y TRACCIONES-MES 2-PRINCIPIANTE-4 DIAS,consultancy,male,1,9,home,4,beginner,2026-06-11T07:52:28.304196Z,2026-06-11T07:52:28.304196Z
1209,RECOMPOSICION-CHICOS-SOLO GOMAS-EMPUJES Y TRACCIONES-MES 2-PRINCIPIANTE-3 DIAS,consultancy,male,1,9,home,3,beginner,2026-06-11T07:52:28.962885Z,2026-06-11T07:52:28.962885Z
1210,RECOMPOSICION-CHICOS-SOLO GOMAS-EMPUJES Y TRACCIONES-MES 2-PRINCIPIANTE-2 DIAS,consultancy,male,1,9,home,2,beginner,2026-06-11T07:52:29.654778Z,2026-06-11T07:52:29.654778Z
1211,RECOMPOSICION-CHICOS-SOLO GOMAS-TORSO PIERNA-MES 3-PRINCIPIANTE-5 DIAS,consultancy,male,1,9,home,5,beginner,2026-06-11T07:52:30.202977Z,2026-06-11T07:52:30.202977Z
1212,RECOMPOSICION-CHICOS-SOLO GOMAS-TORSO PIERNA-MES 3-PRINCIPIANTE-4 DIAS,consultancy,male,1,9,home,4,beginner,2026-06-11T07:52:31.317703Z,2026-06-11T07:52:31.317703Z
1213,RECOMPOSICION-CHICOS-SOLO GOMAS-TORSO PIERNA-MES 3-PRINCIPIANTE-2 DIAS,consultancy,male,1,9,home,2,beginner,2026-06-11T07:52:32.092107Z,2026-06-11T07:52:32.092107Z
1214,RECOMPOSICION-CHICOS-SOLO GOMAS-TORSO PIERNA-MES 3-PRINCIPIANTE-3 DIAS,consultancy,male,1,9,home,3,beginner,2026-06-11T07:52:32.642397Z,2026-06-11T07:52:32.642397Z
1215,RECOMPOSICION-CHICOS-SOLO GOMAS-FULLBODY DESCEN-MES 4-PRINCIPIANTE-5 DIAS,consultancy,male,1,9,home,5,beginner,2026-06-11T07:52:33.309199Z,2026-06-11T07:52:33.309199Z
1216,RECOMPOSICION-CHICOS-SOLO GOMAS-FULLBODY DESCEN-MES 4-PRINCIPIANTE-4 DIAS,consultancy,male,1,9,home,4,beginner,2026-06-11T07:52:34.295239Z,2026-06-11T07:52:34.295239Z
1217,RECOMPOSICION-CHICOS-SOLO GOMAS-FULLBODY DESCEN-MES 4-PRINCIPIANTE-3 DIAS,consultancy,male,1,9,home,3,beginner,2026-06-11T07:52:35.154913Z,2026-06-11T07:52:35.154913Z
1218,RECOMPOSICION-CHICOS-SOLO GOMAS-FULLBODY DESCEN-MES 4-PRINCIPIANTE-2 DIAS,consultancy,male,1,9,home,2,beginner,2026-06-11T07:52:35.850685Z,2026-06-11T07:52:35.850685Z
1219,RECOMPOSICION-CHICOS-SOLO GOMAS-WEIDER-MES 5-PRINCIPIANTE-5 DIAS,consultancy,male,1,9,home,5,beginner,2026-06-11T07:52:36.324646Z,2026-06-11T07:52:36.324646Z
1220,RECOMPOSICION-CHICOS-SOLO GOMAS-WEIDER-MES 5-PRINCIPIANTE-4 DIAS,consultancy,male,1,9,home,4,beginner,2026-06-11T07:52:37.070661Z,2026-06-11T07:52:37.070661Z
1221,RECOMPOSICION-CHICOS-SOLO GOMAS-WEIDER-MES 5-PRINCIPIANTE-3 DIAS,consultancy,male,1,9,home,3,beginner,2026-06-11T07:52:37.654750Z,2026-06-11T07:52:37.654750Z
1222,RECOMPOSICION-CHICOS-SOLO GOMAS-WEIDER-MES 5-PRINCIPIANTE-2 DIAS,consultancy,male,1,9,home,2,beginner,2026-06-11T07:52:38.327160Z,2026-06-11T07:52:38.327160Z
1223,RECOMPOSICION-CHICOS-SOLO GOMAS-WEIDER-MES 6-PRINCIPIANTE-5 DIAS,consultancy,male,1,9,home,5,beginner,2026-06-11T07:52:38.841560Z,2026-06-11T07:52:38.841560Z
1224,RECOMPOSICION-CHICOS-SOLO GOMAS-WEIDER-MES 6-PRINCIPIANTE-4 DIAS,consultancy,male,1,9,home,4,beginner,2026-06-11T07:52:39.535151Z,2026-06-11T07:52:39.535151Z
1225,RECOMPOSICION-CHICOS-SOLO GOMAS-WEIDER-MES 6-PRINCIPIANTE-2 DIAS,consultancy,male,1,9,home,2,beginner,2026-06-11T07:52:40.149370Z,2026-06-11T07:52:40.149370Z
1226,RECOMPOSICION-CHICOS-SOLO GOMAS-WEIDER-MES 6-PRINCIPIANTE-3 DIAS,consultancy,male,1,9,home,3,beginner,2026-06-11T07:52:41.447702Z,2026-06-11T07:52:41.447702Z
1227,RECOMPOSICION-CHICAS-GIMNASIO-WEIDER-MES 1-AVANZADO-3 DIAS,consultancy,female,1,9,gym,3,advanced,2026-06-11T07:52:42.022093Z,2026-06-11T07:52:42.022093Z
1228,RECOMPOSICION-CHICAS-GIMNASIO-WEIDER-MES 5-AVANZADO-5 DIAS,consultancy,female,1,9,gym,5,advanced,2026-06-11T07:52:42.529487Z,2026-06-11T07:52:42.529487Z
1229,RECOMPOSICION-CHICAS-GIMNASIO-WEIDER-MES 5-AVANZADO-4 DIAS,consultancy,female,1,9,gym,4,advanced,2026-06-11T07:52:43.243413Z,2026-06-11T07:52:43.243413Z
1230,RECOMPOSICION-CHICAS-GIMNASIO-WEIDER-MES 5-AVANZADO-3 DIAS,consultancy,female,1,9,gym,3,advanced,2026-06-11T07:52:43.903279Z,2026-06-11T07:52:43.903279Z
1231,RECOMPOSICION-CHICAS-GIMNASIO-WEIDER-MES 5-AVANZADO-2 DIAS,consultancy,female,1,9,gym,2,advanced,2026-06-11T07:52:44.515712Z,2026-06-11T07:52:44.515712Z
1232,RECOMPOSICION-CHICAS-GIMNASIO-EMPUJES Y TRACCIONES-MES 6-AVANZADO-5 DIAS,consultancy,female,1,9,gym,5,advanced,2026-06-11T07:52:44.995482Z,2026-06-11T07:52:44.995482Z
1233,RECOMPOSICION-CHICAS-GIMNASIO-EMPUJES Y TRACCIONES-MES 6-AVANZADO-4 DIAS ,consultancy,female,1,9,gym,4,advanced,2026-06-11T07:52:45.740209Z,2026-06-11T07:52:45.740209Z
1234,RECOMPOSICION-CHICAS-GIMNASIO-EMPUJES Y TRACCIONES-MES 6-AVANZADO-3 DIAS,consultancy,female,1,9,gym,3,advanced,2026-06-11T07:52:46.456222Z,2026-06-11T07:52:46.456222Z
1235,RECOMPOSICION-CHICAS-GIMNASIO-EMPUJES Y TRACCIONES-MES 6-AVANZADO-2 DIAS,consultancy,female,1,9,gym,2,advanced,2026-06-11T07:52:47.042548Z,2026-06-11T07:52:47.042548Z
1236,RECOMPOSICION-CHICAS-GIMNASIO-TORSO PIERNA-MES 7-AVANZADO-5 DIAS,consultancy,female,1,9,gym,5,advanced,2026-06-11T07:52:47.563752Z,2026-06-11T07:52:47.563752Z
1237,RECOMPOSICION-CHICAS-GIMNASIO-TORSO PIERNA-MES 7-AVANZADO-4 DIAS,consultancy,female,1,9,gym,4,advanced,2026-06-11T07:52:48.334014Z,2026-06-11T07:52:48.334014Z
1238,RECOMPOSICION-CHICAS-GIMNASIO-TORSO PIERNA-MES 7-AVANZADO-3 DIAS,consultancy,female,1,9,gym,3,advanced,2026-06-11T07:52:48.986661Z,2026-06-11T07:52:48.986661Z
1239,RECOMPOSICION-CHICAS-GIMNASIO-TORSO PIERNA-MES 7-AVANZADO-2 DIAS,consultancy,female,1,9,gym,2,advanced,2026-06-11T07:52:49.597928Z,2026-06-11T07:52:49.597928Z
1240,RECOMPOSICION-CHICAS-GIMNASIO-FULLBODY DESCEN-MES 8-AVANZADO-5 DIAS,consultancy,female,1,9,gym,5,advanced,2026-06-11T07:52:50.151411Z,2026-06-11T07:52:50.151411Z
1241,RECOMPOSICION-CHICAS-GIMNASIO-FULLBODY DESCEN-MES 8-AVANZADO-4 DIAS,consultancy,female,1,9,gym,4,advanced,2026-06-11T07:52:51.020939Z,2026-06-11T07:52:51.020939Z
1242,RECOMPOSICION-CHICAS-GIMNASIO-FULLBODY DESCEN-MES 8-AVANZADO-2 DIAS,consultancy,female,1,9,gym,2,advanced,2026-06-11T07:52:51.746239Z,2026-06-11T07:52:51.746239Z
1243,RECOMPOSICION-CHICAS-GIMNASIO-FULLBODY DESCEN-MES 8-AVANZADO-3 DIAS,consultancy,female,1,9,gym,3,advanced,2026-06-11T07:52:52.286295Z,2026-06-11T07:52:52.286295Z
1244,RECOMPOSICION-CHICAS-GIMNASIO-WEIDER-MES 9-AVANZADO-5 DIAS,consultancy,female,1,9,gym,5,advanced,2026-06-11T07:52:52.944347Z,2026-06-11T07:52:52.944347Z
1245,RECOMPOSICION-CHICAS-GIMNASIO-WEIDER-MES 9-AVANZADO-4 DIAS,consultancy,female,1,9,gym,4,advanced,2026-06-11T07:52:53.640911Z,2026-06-11T07:52:53.640911Z
1246,RECOMPOSICION-CHICAS-GIMNASIO-WEIDER-MES 9-AVANZADO-3 DIAS,consultancy,female,1,9,gym,3,advanced,2026-06-11T07:52:54.202048Z,2026-06-11T07:52:54.202048Z
1247,RECOMPOSICION-CHICAS-GIMNASIO-WEIDER-MES 9-AVANZADO-2 DIAS,consultancy,female,1,9,gym,2,advanced,2026-06-11T07:52:54.716218Z,2026-06-11T07:52:54.716218Z
1248,RECOMPOSICION-CHICAS- GIMNASIO-WEIDER-MES 1-PRINCIPIANTE-4 DIAS,consultancy,female,1,9,gym,4,beginner,2026-06-11T07:52:55.280885Z,2026-06-11T07:52:55.280885Z
1249,RECOMPOSICION-CHICAS- GIMNASIO-WEIDER-MES 1-PRINCIPIANTE-5 DIAS,consultancy,female,1,9,gym,5,beginner,2026-06-11T07:52:55.814788Z,2026-06-11T07:52:55.814788Z
1250,RECOMPOSICION-CHICAS- GIMNASIO-WEIDER-MES 1-PRINCIPIANTE-3 DIAS,consultancy,female,1,9,gym,3,beginner,2026-06-11T07:52:56.480803Z,2026-06-11T07:52:56.480803Z
1251,RECOMPOSICION-CHICAS- GIMNASIO-WEIDER-MES 1-PRINCIPIANTE-2 DIAS,consultancy,female,1,9,gym,2,beginner,2026-06-11T07:52:56.981017Z,2026-06-11T07:52:56.981017Z
1252,RECOMPOSICION-CHICAS-GIMNASIO-FULLBODY DESCEN-MES 4-PRINCIPIANTE-5 DIAS,consultancy,female,1,9,gym,5,beginner,2026-06-11T07:52:57.411798Z,2026-06-11T07:52:57.411798Z
1253,RECOMPOSICION-CHICAS-GIMNASIO-FULLBODY DESCEN-MES 4-PRINCIPIANTE-4 DIAS,consultancy,female,1,9,gym,4,beginner,2026-06-11T07:52:58.210356Z,2026-06-11T07:52:58.210356Z
1254,RECOMPOSICION-CHICAS-GIMNASIO-EMPUJES Y TRACCIONES-MES 2-PRINCIPIANTE-5 DIAS,consultancy,female,1,9,gym,5,beginner,2026-06-11T07:52:59.155718Z,2026-06-11T07:52:59.155718Z
1255,RECOMPOSICION-CHICAS-GIMNASIO-EMPUJES Y TRACCIONES-MES 2-PRINCIPIANTE-4 DIAS,consultancy,female,1,9,gym,4,beginner,2026-06-11T07:52:59.874671Z,2026-06-11T07:52:59.874671Z
1256,RECOMPOSICION-CHICAS-GIMNASIO-EMPUJES Y TRACCIONES-MES 2-PRINCIPIANTE-3 DIAS,consultancy,female,1,9,gym,3,beginner,2026-06-11T07:53:01.023757Z,2026-06-11T07:53:01.023757Z
1257,RECOMPOSICION-CHICAS-GIMNASIO-EMPUJES Y TRACCIONES-MES 2-PRINCIPIANTE-2 DIAS,consultancy,female,1,9,gym,2,beginner,2026-06-11T07:53:01.821635Z,2026-06-11T07:53:01.821635Z
1258,RECOMPOSICION-CHICAS-GIMNASIO-FULLBODY DESCEN-MES 4-PRINCIPIANTE-3 DIAS,consultancy,female,1,9,gym,3,beginner,2026-06-11T07:53:02.516796Z,2026-06-11T07:53:02.516796Z
1259,RECOMPOSICION-CHICAS-GIMNASIO-TORSO PIERNA-MES 3-PRINCIPIANTE-5 DIAS,consultancy,female,1,9,gym,5,beginner,2026-06-11T07:53:03.317158Z,2026-06-11T07:53:03.317158Z
1260,RECOMPOSICION-CHICAS-GIMNASIO-TORSO PIERNA-MES 3-PRINCIPIANTE-4 DIAS,consultancy,female,1,9,gym,4,beginner,2026-06-11T07:53:04.243372Z,2026-06-11T07:53:04.243372Z
1261,RECOMPOSICION-CHICAS-GIMNASIO-TORSO PIERNA-MES 3-PRINCIPIANTE-3 DIAS,consultancy,female,1,9,gym,3,beginner,2026-06-11T07:53:04.970471Z,2026-06-11T07:53:04.970471Z
1262,RECOMPOSICION-CHICAS-GIMNASIO-TORSO PIERNA-MES 3-PRINCIPIANTE-2 DIAS,consultancy,female,1,9,gym,2,beginner,2026-06-11T07:53:05.707189Z,2026-06-11T07:53:05.707189Z
1263,RECOMPOSICION-CHICAS-GIMNASIO-FULLBODY DESCEN-MES 4-PRINCIPIANTE-2 DIAS,consultancy,female,1,9,gym,2,beginner,2026-06-11T07:53:06.217423Z,2026-06-11T07:53:06.217423Z
1264,RECOMPOSICION-CHICAS-GIMNASIO-WEIDER-MES 5-PRINCIPIANTE-3 DÍAS,consultancy,female,1,9,gym,3,beginner,2026-06-11T07:53:06.819520Z,2026-06-11T07:53:06.819520Z
1265,RECOMPOSICION-CHICAS-GIMNASIO-WEIDER-MES 5-PRINCIPIANTE-2 DÍAS,consultancy,female,1,9,gym,2,beginner,2026-06-11T07:53:07.385078Z,2026-06-11T07:53:07.385078Z
1266,RECOMPOSICION-CHICAS-GIMNASIO-WEIDER-MES 5-PRINCIPIANTE-5 DÍAS,consultancy,female,1,9,gym,5,beginner,2026-06-11T07:53:07.895276Z,2026-06-11T07:53:07.895276Z
1267,RECOMPOSICION-CHICAS-GIMNASIO-WEIDER-MES 5-PRINCIPIANTE-4 DÍAS,consultancy,female,1,9,gym,4,beginner,2026-06-11T07:53:08.754640Z,2026-06-11T07:53:08.754640Z
1268,RECOMPOSICION-CHICAS-GIMNASIO-EMPUJES Y TRACCIONES-MES 6-PRINCIPIANTE-4 DIAS,consultancy,female,1,9,gym,4,beginner,2026-06-11T07:53:09.411276Z,2026-06-11T07:53:09.411276Z
1269,RECOMPOSICION-CHICAS-GIMNASIO-EMPUJES Y TRACCIONES-MES 6-PRINCIPIANTE-5 DIAS,consultancy,female,1,9,gym,5,beginner,2026-06-11T07:53:10.125389Z,2026-06-11T07:53:10.125389Z
1270,RECOMPOSICION-CHICAS-GIMNASIO-EMPUJES Y TRACCIONES-MES 6-PRINCIPIANTE-2 DIAS,consultancy,female,1,9,gym,2,beginner,2026-06-11T07:53:10.824228Z,2026-06-11T07:53:10.824228Z
1271,RECOMPOSICION-CHICAS-GIMNASIO-EMPUJES Y TRACCIONES-MES 6-PRINCIPIANTE-3 DIAS,consultancy,female,1,9,gym,3,beginner,2026-06-11T07:53:11.386918Z,2026-06-11T07:53:11.386918Z
1272,RECOMPOSICION-CHICAS-MANCUERNAS Y GOMAS-WEIDER-MES 1-AVANZADO-4 DIAS,consultancy,female,1,9,home_with_material,4,advanced,2026-06-11T07:53:12.088944Z,2026-06-11T07:53:12.088944Z
1273,RECOMPOSICION-CHICAS-MANCUERNAS Y GOMAS-WEIDER-MES 5-AVANZADO-4 DÍAS,consultancy,female,1,9,home_with_material,4,advanced,2026-06-11T07:53:12.698044Z,2026-06-11T07:53:12.698044Z
1274,RECOMPOSICION-CHICAS-MANCUERNAS Y GOMAS-WEIDER-MES 5-AVANZADO-2 DÍAS,consultancy,female,1,9,home_with_material,2,advanced,2026-06-11T07:53:13.352570Z,2026-06-11T07:53:13.352570Z
1275,RECOMPOSICION-CHICAS-MANCUERNAS Y GOMAS-WEIDER-MES 5-AVANZADO-3 DÍAS,consultancy,female,1,9,home_with_material,3,advanced,2026-06-11T07:53:13.839908Z,2026-06-11T07:53:13.839908Z
1276,RECOMPOSICION-CHICAS-MANCUERNAS Y GOMA-EMPUJES Y TRACCIONES-MES 6-AVANZADO-2 DIAS,consultancy,female,1,9,home_with_material,2,advanced,2026-06-11T07:53:14.487102Z,2026-06-11T07:53:14.487102Z
1277,RECOMPOSICION-CHICAS-MANCUERNAS Y GOMA-EMPUJES Y TRACCIONES-MES 6-AVANZADO-3 DIAS,consultancy,female,1,9,home_with_material,3,advanced,2026-06-11T07:53:15.042316Z,2026-06-11T07:53:15.042316Z
1278,RECOMPOSICION-CHICAS-MANCUERNAS Y GOMA-EMPUJES Y TRACCIONES-MES 6-AVANZADO-4 DIAS,consultancy,female,1,9,home_with_material,4,advanced,2026-06-11T07:53:15.710079Z,2026-06-11T07:53:15.710079Z
1279,RECOMPOSICION-CHICAS-MANCUERNAS Y GOMAS-WEIDER-MES 6-AVANZADO-5 DÍAS-,consultancy,female,1,9,home_with_material,5,advanced,2026-06-11T07:53:16.412952Z,2026-06-11T07:53:16.412952Z
1280,RECOMPOSICION-CHICAS-MANCUERNAS Y GOMAS-WEIDER-MES 5-AVANZADO-5 DÍAS ,consultancy,female,1,9,home_with_material,5,advanced,2026-06-11T07:53:17.237574Z,2026-06-11T07:53:17.237574Z
1281,RECOMPOSICION-CHICAS-MANCUERNAS Y GOMAS-TORSO PIERNA-MES 7-AVANZADO-5 DIAS,consultancy,female,1,9,home_with_material,5,advanced,2026-06-11T07:53:18.055616Z,2026-06-11T07:53:18.055616Z
1282,RECOMPOSICION-CHICAS-MANCUERNAS Y GOMAS-TORSO PIERNA-MES 7-AVANZADO-4 DIAS,consultancy,female,1,9,home_with_material,4,advanced,2026-06-11T07:53:18.876023Z,2026-06-11T07:53:18.876023Z
1283,RECOMPOSICION-CHICAS-MANCUERNAS Y GOMAS-TORSO PIERNA-MES 7-AVANZADO-3 DIAS,consultancy,female,1,9,home_with_material,3,advanced,2026-06-11T07:53:19.593508Z,2026-06-11T07:53:19.593508Z
1284,RECOMPOSICION-CHICAS-MANCUERNAS Y GOMAS-TORSO PIERNA-MES 7-AVANZADO-2 DIAS,consultancy,female,1,9,home_with_material,2,advanced,2026-06-11T07:53:20.232828Z,2026-06-11T07:53:20.232828Z
1285,RECOMPOSICION-CHICAS-MANCUERNAS Y GOMAS-FULLBODY DESCEN-MES 8-AVANZADO-5 DIAS,consultancy,female,1,9,home_with_material,5,advanced,2026-06-11T07:53:20.895534Z,2026-06-11T07:53:20.895534Z
1286,RECOMPOSICION-CHICAS-MANCUERNAS Y GOMAS-FULLBODY DESCEN-MES 8-AVANZADO-4 DIAS,consultancy,female,1,9,home_with_material,4,advanced,2026-06-11T07:53:21.781180Z,2026-06-11T07:53:21.781180Z
1287,RECOMPOSICION-CHICAS-MANCUERNAS Y GOMAS-FULLBODY DESCEN-MES 8-AVANZADO-3 DIAS,consultancy,female,1,9,home_with_material,3,advanced,2026-06-11T07:53:22.675643Z,2026-06-11T07:53:22.675643Z
1288,RECOMPOSICION-CHICAS-MANCUERNAS Y GOMAS-FULLBODY DESCEN-MES 8-AVANZADO-2 DIAS,consultancy,female,1,9,home_with_material,2,advanced,2026-06-11T07:53:23.362766Z,2026-06-11T07:53:23.362766Z
1289,RECOMPOSICION-CHICAS-MANCUERNAS Y GOMAS-WEIDER-MES 9-AVANZADO-5 DÍAS,consultancy,female,1,9,home_with_material,5,advanced,2026-06-11T07:53:24.110965Z,2026-06-11T07:53:24.110965Z
1290,RECOMPOSICION-CHICAS-MANCUERNAS Y GOMAS-WEIDER-MES 9-AVANZADO-4 DÍAS,consultancy,female,1,9,home_with_material,4,advanced,2026-06-11T07:53:24.808380Z,2026-06-11T07:53:24.808380Z
1291,RECOMPOSICION-CHICAS-MANCUERNAS Y GOMAS-WEIDER-MES 9-AVANZADO-3 DÍAS,consultancy,female,1,9,home_with_material,3,advanced,2026-06-11T07:53:25.447278Z,2026-06-11T07:53:25.447278Z
1292,RECOMPOSICION-CHICAS-MANCUERNAS Y GOMAS-WEIDER-MES 9-AVANZADO-2 DÍAS,consultancy,female,1,9,home_with_material,2,advanced,2026-06-11T07:53:26.058760Z,2026-06-11T07:53:26.058760Z
1293,RECOMPOSICION-CHICAS-MANCUERNAS Y GOMAS-WEIDER-MES 1-PRINCIPIANTE-5 DIAS,consultancy,female,1,9,home_with_material,5,beginner,2026-06-11T07:53:26.534566Z,2026-06-11T07:53:26.534566Z
1294,RECOMPOSICION-CHICAS-MANCUERNAS Y GOMAS-WEIDER-MES 1-PRINCIPIANTE-3 DIAS,consultancy,female,1,9,home_with_material,3,beginner,2026-06-11T07:53:27.242639Z,2026-06-11T07:53:27.242639Z
1295,RECOMPOSICION-CHICAS-MANCUERNAS Y GOMAS-WEIDER-MES 1-PRINCIPIANTE-2 DIAS,consultancy,female,1,9,home_with_material,2,beginner,2026-06-11T07:53:27.743919Z,2026-06-11T07:53:27.743919Z
1296,RECOMPOSICION-CHICAS-MANCUERNAS Y GOMAS-WEIDER-MES 1-PRINCIPIANTE-4 DIAS,consultancy,female,1,9,home_with_material,4,beginner,2026-06-11T07:53:28.237491Z,2026-06-11T07:53:28.237491Z
1297,RECOMPOSICION-CHICAS-MANCUERNAS Y GOMAS-EMPUJES Y TRACCIONES-MES 2-PRINCIPIANTE-5 DIAS,consultancy,female,1,9,home_with_material,5,beginner,2026-06-11T07:53:28.862754Z,2026-06-11T07:53:28.862754Z
1298,RECOMPOSICION-CHICAS-MANCUERNAS Y GOMAS-EMPUJES Y TRACCIONES-MES 2-PRINCIPIANTE-4 DIAS,consultancy,female,1,9,home_with_material,4,beginner,2026-06-11T07:53:29.535216Z,2026-06-11T07:53:29.535216Z
1299,RECOMPOSICION-CHICAS-MANCUERNAS Y GOMAS-EMPUJES Y TRACCIONES-MES 2-PRINCIPIANTE-3 DIAS,consultancy,female,1,9,home_with_material,3,beginner,2026-06-11T07:53:30.151911Z,2026-06-11T07:53:30.151911Z
1300,RECOMPOSICION-CHICAS-MANCUERNAS Y GOMAS-EMPUJES Y TRACCIONES-MES 2-PRINCIPIANTE-2 DIAS,consultancy,female,1,9,home_with_material,2,beginner,2026-06-11T07:53:31.036164Z,2026-06-11T07:53:31.036164Z
1301,RECOMPOSICION-CHICAS-MANCUERNAS Y GOMAS-TORSO PIERNA-MES 3-PRINCIPIANTE-5 DIAS,consultancy,female,1,9,home_with_material,5,beginner,2026-06-11T07:53:31.634383Z,2026-06-11T07:53:31.634383Z
1302,RECOMPOSICION-CHICAS-MANCUERNAS Y GOMAS-TORSO PIERNA-MES 3-PRINCIPIANTE-4 DIAS,consultancy,female,1,9,home_with_material,4,beginner,2026-06-11T07:53:32.444248Z,2026-06-11T07:53:32.444248Z
1303,RECOMPOSICION-CHICAS-MANCUERNAS Y GOMAS-TORSO PIERNA-MES 3-PRINCIPIANTE-3 DIAS,consultancy,female,1,9,home_with_material,3,beginner,2026-06-11T07:53:33.165493Z,2026-06-11T07:53:33.165493Z
1304,RECOMPOSICION-CHICAS-MANCUERNAS Y GOMAS-TORSO PIERNA-MES 3-PRINCIPIANTE-2 DIAS,consultancy,female,1,9,home_with_material,2,beginner,2026-06-11T07:53:33.774521Z,2026-06-11T07:53:33.774521Z
1305,RECOMPOSICION-CHICAS-MANCUERNAS Y GOMAS-FULLBODY DESCEN-MES 4-PRINCIPIANTE-4 DIAS,consultancy,female,1,9,home_with_material,4,beginner,2026-06-11T07:53:34.311252Z,2026-06-11T07:53:34.311252Z
1306,RECOMPOSICION-CHICAS-MANCUERNAS Y GOMAS-FULLBODY DESCEN-MES 4-PRINCIPIANTE-3 DIAS,consultancy,female,1,9,home_with_material,3,beginner,2026-06-11T07:53:35.070560Z,2026-06-11T07:53:35.070560Z
1307,RECOMPOSICION-CHICAS-MANCUERNAS Y GOMAS-FULLBODY DESCEN-MES 4-PRINCIPIANTE-2 DIAS,consultancy,female,1,9,home_with_material,2,beginner,2026-06-11T07:53:35.725995Z,2026-06-11T07:53:35.725995Z
1308,RECOMPOSICION-CHICAS-MANCUERNAS Y GOMAS-FULLBODY DESCEN-MES 4-PRINCIPIANTE-5 DIAS,consultancy,female,1,9,home_with_material,5,beginner,2026-06-11T07:53:36.293149Z,2026-06-11T07:53:36.293149Z
1309,RECOMPOSICION-CHICAS-MANCUERNAS Y GOMAS-WEIDER-MES 5-PRINCIPIANTE-2 DÍAS,consultancy,female,1,9,home_with_material,2,beginner,2026-06-11T07:53:37.307361Z,2026-06-11T07:53:37.307361Z
1310,RECOMPOSICION-CHICAS-MANCUERNAS Y GOMAS-WEIDER-MES 5-PRINCIPIANTE-4 DÍAS,consultancy,female,1,9,home_with_material,4,beginner,2026-06-11T07:53:37.869952Z,2026-06-11T07:53:37.869952Z
1311,RECOMPOSICION-CHICAS-MANCUERNAS Y GOMAS-WEIDER-MES 5-PRINCIPIANTE-5 DÍAS,consultancy,female,1,9,home_with_material,5,beginner,2026-06-11T07:53:38.525322Z,2026-06-11T07:53:38.525322Z
1312,RECOMPOSICION-CHICAS-MANCUERNAS Y GOMAS-WEIDER-MES 5-PRINCIPIANTE-3 DÍAS,consultancy,female,1,9,home_with_material,3,beginner,2026-06-11T07:53:39.214156Z,2026-06-11T07:53:39.214156Z
1313,RECOMPOSICION-CHICAS-MANCUERNAS Y GOMAS-EMPUJES Y TRACCIONES-MES 6-PRINCIPIANTE-4 DIAS,consultancy,female,1,9,home_with_material,4,beginner,2026-06-11T07:53:39.793253Z,2026-06-11T07:53:39.793253Z
1314,RECOMPOSICION-CHICAS-MANCUERNAS Y GOMAS-EMPUJES Y TRACCIONES-MES 6-PRINCIPIANTE-2 DIAS,consultancy,female,1,9,home_with_material,2,beginner,2026-06-11T07:53:40.544401Z,2026-06-11T07:53:40.544401Z
1315,RECOMPOSICION-CHICAS-MANCUERNAS Y GOMAS-EMPUJES Y TRACCIONES-MES 6-PRINCIPIANTE-5 DIAS,consultancy,female,1,9,home_with_material,5,beginner,2026-06-11T07:53:41.117567Z,2026-06-11T07:53:41.117567Z
1316,RECOMPOSICION-CHICAS-MANCUERNAS Y GOMAS-EMPUJES Y TRACCIONES-MES 6-PRINCIPIANTE-3 DIAS,consultancy,female,1,9,home_with_material,3,beginner,2026-06-11T07:53:41.881617Z,2026-06-11T07:53:41.881617Z
1317,RECOMPOSICION-sss,consultancy,female,1,9,home_with_material,4,beginner,2026-06-11T07:53:42.426259Z,2026-06-11T07:53:42.426259Z
1318,RECOMPOSICION-CHICAS-SOLO GOMAS-TORSO PIERNA-MES 3-AVANZADO-5 DIAS,consultancy,female,1,9,home,5,advanced,2026-06-11T07:53:42.881054Z,2026-06-11T07:53:42.881054Z
1319,RECOMPOSICION-CHICAS-SOLO GOMAS-TORSO PIERNA-MES 3-AVANZADO-4 DIAS,consultancy,female,1,9,home,4,advanced,2026-06-11T07:53:43.619935Z,2026-06-11T07:53:43.619935Z
1320,RECOMPOSICION-CHICAS-SOLO GOMAS-TORSO PIERNA-MES 3-AVANZADO-3 DIAS,consultancy,female,1,9,home,3,advanced,2026-06-11T07:53:44.331307Z,2026-06-11T07:53:44.331307Z
1321,RECOMPOSICION-CHICAS-SOLO GOMAS-TORSO PIERNA-MES 3-AVANZADO-2 DIAS,consultancy,female,1,9,home,2,advanced,2026-06-11T07:53:44.914958Z,2026-06-11T07:53:44.914958Z
1322,RECOMPOSICION-CHICAS-SOLO GOMAS-WEIDER-MES 1-AVANZADO-4 DIAS,consultancy,female,1,9,home,4,advanced,2026-06-11T07:53:45.418234Z,2026-06-11T07:53:45.418234Z
1323,RECOMPOSICION-CHICAS-SOLO GOMAS-WEIDER-MES 5-AVANZADO-5 DÍAS,consultancy,female,1,9,home,5,advanced,2026-06-11T07:53:46.032969Z,2026-06-11T07:53:46.032969Z
1324,RECOMPOSICION-CHICAS-SOLO GOMAS-WEIDER-MES 1-AVANZADO-4 DIAS,consultancy,female,1,9,home,4,advanced,2026-06-11T07:53:48.414071Z,2026-06-11T07:53:48.414071Z
1325,RECOMPOSICION-CHICAS-SOLO GOMAS-WEIDER-MES 5-AVANZADO-4 DÍAS,consultancy,female,1,9,home,4,advanced,2026-06-11T07:53:49.303221Z,2026-06-11T07:53:49.303221Z
1326,RECOMPOSICION-CHICAS-SOLO GOMAS-WEIDER-MES 5-AVANZADO-3 DÍAS,consultancy,female,1,9,home,3,advanced,2026-06-11T07:53:49.878564Z,2026-06-11T07:53:49.878564Z
1327,RECOMPOSICION-CHICAS-SOLO GOMAS-WEIDER-MES 5-AVANZADO-2 DÍAS,consultancy,female,1,9,home,2,advanced,2026-06-11T07:53:50.374351Z,2026-06-11T07:53:50.374351Z
1328,RECOMPOSICION-CHICAS-SOLO GOMAS-EMPUJES Y TRACCIONES-MES 6-AVANZADO-4 DIAS,consultancy,female,1,9,home,4,advanced,2026-06-11T07:53:50.825954Z,2026-06-11T07:53:50.825954Z
1329,RECOMPOSICION-CHICAS-SOLO GOMAS-EMPUJES Y TRACCIONES-MES 6-AVANZADO-5 DIAS,consultancy,female,1,9,home,5,advanced,2026-06-11T07:53:51.530545Z,2026-06-11T07:53:51.530545Z
1330,RECOMPOSICION-CHICAS-SOLO GOMAS-EMPUJES Y TRACCIONES-MES 6-AVANZADO-2 DIAS,consultancy,female,1,9,home,2,advanced,2026-06-11T07:53:52.209274Z,2026-06-11T07:53:52.209274Z
1331,RECOMPOSICION-CHICAS-SOLO GOMAS-EMPUJES Y TRACCIONES-MES 6-AVANZADO-3 DIAS,consultancy,female,1,9,home,3,advanced,2026-06-11T07:53:52.723241Z,2026-06-11T07:53:52.723241Z
1332,RECOMPOSICION-CHICAS-SOLO GOMAS-TORSO PIERNA-MES 7-AVANZADO-5 DIAS,consultancy,female,1,9,home,5,advanced,2026-06-11T07:53:53.302232Z,2026-06-11T07:53:53.302232Z
1333,RECOMPOSICION-CHICAS-SOLO GOMAS-TORSO PIERNA-MES 7-AVANZADO-4 DIAS,consultancy,female,1,9,home,4,advanced,2026-06-11T07:53:54.130990Z,2026-06-11T07:53:54.130990Z
1334,RECOMPOSICION-CHICAS-SOLO GOMAS-TORSO PIERNA-MES 7-AVANZADO-3 DIAS,consultancy,female,1,9,home,3,advanced,2026-06-11T07:53:54.821910Z,2026-06-11T07:53:54.821910Z
1335,RECOMPOSICION-CHICAS-SOLO GOMAS-TORSO PIERNA-MES 7-AVANZADO-2 DIAS,consultancy,female,1,9,home,2,advanced,2026-06-11T07:53:55.429192Z,2026-06-11T07:53:55.429192Z
1336,RECOMPOSICION-CHICAS-SOLO GOMAS-FULLBODY DESCEN-MES 8-AVANZADO-5 DIAS,consultancy,female,1,9,home,5,advanced,2026-06-11T07:53:55.931595Z,2026-06-11T07:53:55.931595Z
1337,RECOMPOSICION-CHICAS-SOLO GOMAS-FULLBODY DESCEN-MES 8-AVANZADO-4 DIAS,consultancy,female,1,9,home,4,advanced,2026-06-11T07:53:56.698342Z,2026-06-11T07:53:56.698342Z
1338,RECOMPOSICION-CHICAS-SOLO GOMAS-FULLBODY DESCEN-MES 8-AVANZADO-3 DIAS,consultancy,female,1,9,home,3,advanced,2026-06-11T07:53:57.401126Z,2026-06-11T07:53:57.401126Z
1339,RECOMPOSICION-CHICAS-SOLO GOMAS-FULLBODY DESCEN-MES 8-AVANZADO-2 DIAS,consultancy,female,1,9,home,2,advanced,2026-06-11T07:53:58.014748Z,2026-06-11T07:53:58.014748Z
1340,RECOMPOSICION-CHICAS-SOLO GOMAS-WEIDER-MES 9-AVANZADO-5 DÍAS,consultancy,female,1,9,home,5,advanced,2026-06-11T07:53:58.602878Z,2026-06-11T07:53:58.602878Z
1341,RECOMPOSICION-CHICAS-SOLO GOMAS-WEIDER-MES 9-AVANZADO-4 DÍAS,consultancy,female,1,9,home,4,advanced,2026-06-11T07:53:59.371244Z,2026-06-11T07:53:59.371244Z
1342,RECOMPOSICION-CHICAS-SOLO GOMAS-WEIDER-MES 9-AVANZADO-3 DÍAS,consultancy,female,1,9,home,3,advanced,2026-06-11T07:53:59.943022Z,2026-06-11T07:53:59.943022Z
1343,RECOMPOSICION-CHICAS-SOLO GOMAS-WEIDER-MES 9-AVANZADO-2 DÍAS,consultancy,female,1,9,home,2,advanced,2026-06-11T07:54:00.801746Z,2026-06-11T07:54:00.801746Z
1344,RECOMPOSICION-CHICAS-SOLO GOMAS-WEIDER-MES 1-PRINCIPIANTE-5 DIAS,consultancy,female,1,9,home,5,beginner,2026-06-11T07:54:01.323372Z,2026-06-11T07:54:01.323372Z
1345,RECOMPOSICION-CHICAS-SOLO GOMAS-WEIDER-MES 1-PRINCIPIANTE-4 DIAS,consultancy,female,1,9,home,4,beginner,2026-06-11T07:54:02.225935Z,2026-06-11T07:54:02.225935Z
1346,RECOMPOSICION-CHICAS-SOLO GOMAS-WEIDER-MES 1-PRINCIPIANTE-3 DIAS,consultancy,female,1,9,home,3,beginner,2026-06-11T07:54:03.026340Z,2026-06-11T07:54:03.026340Z
1347,RECOMPOSICION-CHICAS-SOLO GOMAS-WEIDER-MES 1-PRINCIPIANTE-2 DIAS,consultancy,female,1,9,home,2,beginner,2026-06-11T07:54:03.746776Z,2026-06-11T07:54:03.746776Z
1348,RECOMPOSICION-CHICAS-SOLO GOMAS-EMPUJES Y TRACCIONES-MES 2-PRINCIPIANTE-5 DIAS,consultancy,female,1,9,home,5,beginner,2026-06-11T07:54:04.315533Z,2026-06-11T07:54:04.315533Z
1349,RECOMPOSICION-CHICAS-SOLO GOMAS-EMPUJES Y TRACCIONES-MES 2-PRINCIPIANTE-4 DIAS,consultancy,female,1,9,home,4,beginner,2026-06-11T07:54:05.061162Z,2026-06-11T07:54:05.061162Z
1350,RECOMPOSICION-CHICAS-SOLO GOMAS-EMPUJES Y TRACCIONES-MES 2-PRINCIPIANTE-3 DIAS,consultancy,female,1,9,home,3,beginner,2026-06-11T07:54:05.861052Z,2026-06-11T07:54:05.861052Z
1351,RECOMPOSICION-CHICAS-SOLO GOMAS-EMPUJES Y TRACCIONES-MES 2-PRINCIPIANTE-2 DIAS,consultancy,female,1,9,home,2,beginner,2026-06-11T07:54:06.507502Z,2026-06-11T07:54:06.507502Z
1352,RECOMPOSICION-CHICAS-SOLO GOMAS-TORSO PIERNA-MES 3-PRINCIPIANTE-5 DIAS,consultancy,female,1,9,home,5,beginner,2026-06-11T07:54:07.034197Z,2026-06-11T07:54:07.034197Z
1353,RECOMPOSICION-CHICAS-SOLO GOMAS-TORSO PIERNA-MES 3-PRINCIPIANTE-4 DIAS,consultancy,female,1,9,home,4,beginner,2026-06-11T07:54:07.898659Z,2026-06-11T07:54:07.898659Z
1354,RECOMPOSICION-CHICAS-SOLO GOMAS-TORSO PIERNA-MES 3-PRINCIPIANTE-3 DIAS,consultancy,female,1,9,home,3,beginner,2026-06-11T07:54:08.645923Z,2026-06-11T07:54:08.645923Z
1355,RECOMPOSICION-CHICAS-SOLO GOMAS-TORSO PIERNA-MES 3-PRINCIPIANTE-2 DIAS,consultancy,female,1,9,home,2,beginner,2026-06-11T07:54:09.581721Z,2026-06-11T07:54:09.581721Z
1356,RECOMPOSICION-CHICAS-SOLO GOMAS-FULLBODY DESCEN-MES 4-PRINCIPIANTE-5 DIAS,consultancy,female,1,9,home,5,beginner,2026-06-11T07:54:10.143075Z,2026-06-11T07:54:10.143075Z
1357,RECOMPOSICION-CHICAS-SOLO GOMAS-FULLBODY DESCEN-MES 4-PRINCIPIANTE-4 DIAS,consultancy,female,1,9,home,4,beginner,2026-06-11T07:54:11.154654Z,2026-06-11T07:54:11.154654Z
1358,RECOMPOSICION-CHICAS-SOLO GOMAS-FULLBODY DESCEN-MES 4-PRINCIPIANTE-3 DIAS,consultancy,female,1,9,home,3,beginner,2026-06-11T07:54:11.956508Z,2026-06-11T07:54:11.956508Z
1359,RECOMPOSICION-CHICAS-SOLO GOMAS-FULLBODY DESCEN-MES 4-PRINCIPIANTE-2 DIAS,consultancy,female,1,9,home,2,beginner,2026-06-11T07:54:12.670004Z,2026-06-11T07:54:12.670004Z
1360,RECOMPOSICION-CHICAS-SOLO GOMAS-WEIDER-MES 5-PRINCIPIANTE-4 DÍAS,consultancy,female,1,9,home,4,beginner,2026-06-11T07:54:13.241612Z,2026-06-11T07:54:13.241612Z
1361,RECOMPOSICION-CHICAS-SOLO GOMAS-WEIDER-MES 5-PRINCIPIANTE-2 DÍAS,consultancy,female,1,9,home,2,beginner,2026-06-11T07:54:13.919587Z,2026-06-11T07:54:13.919587Z
1362,RECOMPOSICION-CHICAS-SOLO GOMAS-WEIDER-MES 5-PRINCIPIANTE-3 DÍAS,consultancy,female,1,9,home,3,beginner,2026-06-11T07:54:14.404591Z,2026-06-11T07:54:14.404591Z
1363,RECOMPOSICION-CHICAS-SOLO GOMAS-WEIDER-MES 5-PRINCIPIANTE-5 DÍAS ,consultancy,female,1,9,home,5,beginner,2026-06-11T07:54:15.033664Z,2026-06-11T07:54:15.033664Z
1364,RECOMPOSICION-CHICAS-SOLO GOMAS-EMPUJES Y TRACCIONES-MES 6-PRINCIPIANTE-5 DIAS,consultancy,female,1,9,home,5,beginner,2026-06-11T07:54:16.187797Z,2026-06-11T07:54:16.187797Z
1365,RECOMPOSICION-CHICAS-SOLO GOMAS-EMPUJES Y TRACCIONES-MES 6-PRINCIPIANTE-2 DIAS,consultancy,female,1,9,home,2,beginner,2026-06-11T07:54:16.979315Z,2026-06-11T07:54:16.979315Z
1366,RECOMPOSICION-CHICAS-SOLO GOMAS-EMPUJES Y TRACCIONES-MES 6-PRINCIPIANTE-4 DIAS,consultancy,female,1,9,home,4,beginner,2026-06-11T07:54:17.517957Z,2026-06-11T07:54:17.517957Z
1367,RECOMPOSICION-CHICAS-SOLO GOMAS-EMPUJES Y TRACCIONES-MES 6-PRINCIPIANTE-3 DIAS,consultancy,female,1,9,home,3,beginner,2026-06-11T07:54:18.232391Z,2026-06-11T07:54:18.232391Z
1368,RECOMPOSICION-ddd,consultancy,male,1,9,gym,4,beginner,2026-06-11T07:54:50.174780Z,2026-06-11T07:54:50.174780Z
