id,sub_objetivo,genero,lugar,nivel,dias,fase_mes,es_prueba,nombre
976,Definición extrema,Chicos,Gimnasio,Principiante,2,1,,CHICOS-GYM-MES 1-PRINCIPIANTE-2 DÍAS
1004,Definición extrema,Chicos,Gimnasio,Principiante,2,1,,CHICOS-GYM-MES 1-PRINCIPIANTE-2 DÍAS
980,Definición extrema,Chicos,Gimnasio,Principiante,2,2,,CHICOS-GYM-MES 2-PRINCIPIANTE-2 DÍAS
984,Definición extrema,Chicos,Gimnasio,Principiante,2,3,,CHICOS-GYM-MES 3-PRINCIPIANTE-2 DÍAS
988,Definición extrema,Chicos,Gimnasio,Principiante,2,4,,CHICOS-GYM-MES 4-PRINCIPIANTE-2 DÍAS
992,Definición extrema,Chicos,Gimnasio,Principiante,2,5,,CHICOS-GYM-MES 5-PRINCIPIANTE-2 DÍAS
1000,Definición extrema,Chicos,Gimnasio,Principiante,2,6,,CHICOS-GYM-MES 6-PRINCIPIANTE-2 DÍAS
996,Definición extrema,Chicos,Gimnasio,Principiante,2,6,,CHICOS-GYM-MES 6-PRINCIPIANTE-2 DÍAS
1003,Definición extrema,Chicos,Gimnasio,Principiante,3,1,,CHICOS-GYM-MES 1-PRINCIPIANTE-3 DÍAS
975,Definición extrema,Chicos,Gimnasio,Principiante,3,1,,CHICOS-GYM-MES 1-PRINCIPIANTE-3 DÍAS
979,Definición extrema,Chicos,Gimnasio,Principiante,3,2,,CHICOS-GYM-MES 2-PRINCIPIANTE-3 DÍAS
983,Definición extrema,Chicos,Gimnasio,Principiante,3,3,,CHICOS-GYM-MES 3-PRINCIPIANTE-3 DÍAS
987,Definición extrema,Chicos,Gimnasio,Principiante,3,4,,CHICOS-GYM-MES 4-PRINCIPIANTE-3 DÍAS
991,Definición extrema,Chicos,Gimnasio,Principiante,3,5,,CHICOS-GYM-MES 5-PRINCIPIANTE-3 DÍAS
999,Definición extrema,Chicos,Gimnasio,Principiante,3,6,,CHICOS-GYM-MES 6-PRINCIPIANTE-3 DÍAS
995,Definición extrema,Chicos,Gimnasio,Principiante,3,6,,CHICOS-GYM-MES 6-PRINCIPIANTE-3 DÍAS
974,Definición extrema,Chicos,Gimnasio,Principiante,4,1,,CHICOS-GYM-MES 1-PRINCIPIANTE-4 DÍAS
1002,Definición extrema,Chicos,Gimnasio,Principiante,4,1,,CHICOS-GYM-MES 1-PRINCIPIANTE-4 DÍAS
978,Definición extrema,Chicos,Gimnasio,Principiante,4,2,,CHICOS-GYM-MES 2-PRINCIPIANTE-4 DÍAS
982,Definición extrema,Chicos,Gimnasio,Principiante,4,3,,CHICOS-GYM-MES 3-PRINCIPIANTE-4 DÍAS
986,Definición extrema,Chicos,Gimnasio,Principiante,4,4,,CHICOS-GYM-MES 4-PRINCIPIANTE-4 DÍAS
990,Definición extrema,Chicos,Gimnasio,Principiante,4,5,,CHICOS-GYM-MES 5-PRINCIPIANTE-4 DÍAS
998,Definición extrema,Chicos,Gimnasio,Principiante,4,6,,CHICOS-GYM-MES 6-PRINCIPIANTE-4 DÍAS
994,Definición extrema,Chicos,Gimnasio,Principiante,4,6,,CHICOS-GYM-MES 6-PRINCIPIANTE-4 DÍAS
973,Definición extrema,Chicos,Gimnasio,Principiante,5,1,,CHICOS-GYM-MES 1-PRINCIPIANTE-5 DÍAS
1001,Definición extrema,Chicos,Gimnasio,Principiante,5,1,,CHICOS-GYM-MES 1-PRINCIPIANTE-5 DÍAS
977,Definición extrema,Chicos,Gimnasio,Principiante,5,2,,CHICOS-GYM-MES 2-PRINCIPIANTE-5 DÍAS
981,Definición extrema,Chicos,Gimnasio,Principiante,5,3,,CHICOS-GYM-MES 3-PRINCIPIANTE-5 DÍAS
985,Definición extrema,Chicos,Gimnasio,Principiante,5,4,,CHICOS-GYM-MES 4-PRINCIPIANTE-5 DÍAS
989,Definición extrema,Chicos,Gimnasio,Principiante,5,5,,CHICOS-GYM-MES 5-PRINCIPIANTE-5 DÍAS
997,Definición extrema,Chicos,Gimnasio,Principiante,5,6,,CHICOS-GYM-MES 6-PRINCIPIANTE-5 DÍAS
993,Definición extrema,Chicos,Gimnasio,Principiante,5,6,,CHICOS-GYM-MES 6-PRINCIPIANTE-5 DÍAS
1039,Recomposición,Chicas,Gimnasio,Avanzado,2,1,,RECOMPOSICION-CHICAS-GIMNASIO-WEIDER-MES 1-AVANZADO-2 DIAS
1016,Recomposición,Chicas,Gimnasio,Avanzado,2,2,,RECOMPOSICION-CHICAS-GIMNASIO-EMPUJES Y TRACCIONES-MES 2-AVANZADO-2 DIAS
1020,Recomposición,Chicas,Gimnasio,Avanzado,2,3,,RECOMPOSICION-CHICAS-GIMNASIO-TORSO PIERNA-MES 3-AVANZADO-2 DIAS
1024,Recomposición,Chicas,Gimnasio,Avanzado,2,4,,RECOMPOSICION-CHICAS-GIMNASIO-FULLBODY DESCEN-MES 4-AVANZADO-2 DIAS
1231,Recomposición,Chicas,Gimnasio,Avanzado,2,5,,RECOMPOSICION-CHICAS-GIMNASIO-WEIDER-MES 5-AVANZADO-2 DIAS
1235,Recomposición,Chicas,Gimnasio,Avanzado,2,6,,RECOMPOSICION-CHICAS-GIMNASIO-EMPUJES Y TRACCIONES-MES 6-AVANZADO-2 DIAS
1239,Recomposición,Chicas,Gimnasio,Avanzado,2,7,,RECOMPOSICION-CHICAS-GIMNASIO-TORSO PIERNA-MES 7-AVANZADO-2 DIAS
1242,Recomposición,Chicas,Gimnasio,Avanzado,2,8,,RECOMPOSICION-CHICAS-GIMNASIO-FULLBODY DESCEN-MES 8-AVANZADO-2 DIAS
1247,Recomposición,Chicas,Gimnasio,Avanzado,2,9,,RECOMPOSICION-CHICAS-GIMNASIO-WEIDER-MES 9-AVANZADO-2 DIAS
1227,Recomposición,Chicas,Gimnasio,Avanzado,3,1,,RECOMPOSICION-CHICAS-GIMNASIO-WEIDER-MES 1-AVANZADO-3 DIAS
1015,Recomposición,Chicas,Gimnasio,Avanzado,3,2,,RECOMPOSICION-CHICAS-GIMNASIO-EMPUJES Y TRACCIONES-MES 2-AVANZADO-3 DIAS
1019,Recomposición,Chicas,Gimnasio,Avanzado,3,3,,RECOMPOSICION-CHICAS-GIMNASIO-TORSO PIERNA-MES 3-AVANZADO-3 DIAS
1023,Recomposición,Chicas,Gimnasio,Avanzado,3,4,,RECOMPOSICION-CHICAS-GIMNASIO-FULLBODY DESCEN-MES 4-AVANZADO-3 DIAS
1230,Recomposición,Chicas,Gimnasio,Avanzado,3,5,,RECOMPOSICION-CHICAS-GIMNASIO-WEIDER-MES 5-AVANZADO-3 DIAS
1234,Recomposición,Chicas,Gimnasio,Avanzado,3,6,,RECOMPOSICION-CHICAS-GIMNASIO-EMPUJES Y TRACCIONES-MES 6-AVANZADO-3 DIAS
1238,Recomposición,Chicas,Gimnasio,Avanzado,3,7,,RECOMPOSICION-CHICAS-GIMNASIO-TORSO PIERNA-MES 7-AVANZADO-3 DIAS
1243,Recomposición,Chicas,Gimnasio,Avanzado,3,8,,RECOMPOSICION-CHICAS-GIMNASIO-FULLBODY DESCEN-MES 8-AVANZADO-3 DIAS
1246,Recomposición,Chicas,Gimnasio,Avanzado,3,9,,RECOMPOSICION-CHICAS-GIMNASIO-WEIDER-MES 9-AVANZADO-3 DIAS
1038,Recomposición,Chicas,Gimnasio,Avanzado,4,1,,RECOMPOSICION-CHICAS-GIMNASIO-WEIDER-MES 1-AVANZADO-4 DIAS
1014,Recomposición,Chicas,Gimnasio,Avanzado,4,2,,RECOMPOSICION-CHICAS-GIMNASIO-EMPUJES Y TRACCIONES-MES 2-AVANZADO-4 DIAS
1018,Recomposición,Chicas,Gimnasio,Avanzado,4,3,,RECOMPOSICION-CHICAS-GIMNASIO-TORSO PIERNA-MES 3-AVANZADO-4 DIAS
1022,Recomposición,Chicas,Gimnasio,Avanzado,4,4,,RECOMPOSICION-CHICAS-GIMNASIO-FULLBODY DESCEN-MES 4-AVANZADO-4 DIAS
1229,Recomposición,Chicas,Gimnasio,Avanzado,4,5,,RECOMPOSICION-CHICAS-GIMNASIO-WEIDER-MES 5-AVANZADO-4 DIAS
1233,Recomposición,Chicas,Gimnasio,Avanzado,4,6,,RECOMPOSICION-CHICAS-GIMNASIO-EMPUJES Y TRACCIONES-MES 6-AVANZADO-4 DIAS 
1237,Recomposición,Chicas,Gimnasio,Avanzado,4,7,,RECOMPOSICION-CHICAS-GIMNASIO-TORSO PIERNA-MES 7-AVANZADO-4 DIAS
1241,Recomposición,Chicas,Gimnasio,Avanzado,4,8,,RECOMPOSICION-CHICAS-GIMNASIO-FULLBODY DESCEN-MES 8-AVANZADO-4 DIAS
1245,Recomposición,Chicas,Gimnasio,Avanzado,4,9,,RECOMPOSICION-CHICAS-GIMNASIO-WEIDER-MES 9-AVANZADO-4 DIAS
1037,Recomposición,Chicas,Gimnasio,Avanzado,5,1,,RECOMPOSICION-CHICAS-GIMNASIO-WEIDER-MES 1-AVANZADO-5 DIAS
1013,Recomposición,Chicas,Gimnasio,Avanzado,5,2,,RECOMPOSICION-CHICAS-GIMNASIO-EMPUJES Y TRACCIONES-MES 2-AVANZADO-5 DIAS
1017,Recomposición,Chicas,Gimnasio,Avanzado,5,3,,RECOMPOSICION-CHICAS-GIMNASIO-TORSO PIERNA-MES 3-AVANZADO-5 DIAS
1021,Recomposición,Chicas,Gimnasio,Avanzado,5,4,,RECOMPOSICION-CHICAS-GIMNASIO-FULLBODY DESCEN-MES 4-AVANZADO-5 DIAS
1228,Recomposición,Chicas,Gimnasio,Avanzado,5,5,,RECOMPOSICION-CHICAS-GIMNASIO-WEIDER-MES 5-AVANZADO-5 DIAS
1232,Recomposición,Chicas,Gimnasio,Avanzado,5,6,,RECOMPOSICION-CHICAS-GIMNASIO-EMPUJES Y TRACCIONES-MES 6-AVANZADO-5 DIAS
1236,Recomposición,Chicas,Gimnasio,Avanzado,5,7,,RECOMPOSICION-CHICAS-GIMNASIO-TORSO PIERNA-MES 7-AVANZADO-5 DIAS
1240,Recomposición,Chicas,Gimnasio,Avanzado,5,8,,RECOMPOSICION-CHICAS-GIMNASIO-FULLBODY DESCEN-MES 8-AVANZADO-5 DIAS
1244,Recomposición,Chicas,Gimnasio,Avanzado,5,9,,RECOMPOSICION-CHICAS-GIMNASIO-WEIDER-MES 9-AVANZADO-5 DIAS
1251,Recomposición,Chicas,Gimnasio,Principiante,2,1,,RECOMPOSICION-CHICAS- GIMNASIO-WEIDER-MES 1-PRINCIPIANTE-2 DIAS
1257,Recomposición,Chicas,Gimnasio,Principiante,2,2,,RECOMPOSICION-CHICAS-GIMNASIO-EMPUJES Y TRACCIONES-MES 2-PRINCIPIANTE-2 DIAS
1262,Recomposición,Chicas,Gimnasio,Principiante,2,3,,RECOMPOSICION-CHICAS-GIMNASIO-TORSO PIERNA-MES 3-PRINCIPIANTE-2 DIAS
1263,Recomposición,Chicas,Gimnasio,Principiante,2,4,,RECOMPOSICION-CHICAS-GIMNASIO-FULLBODY DESCEN-MES 4-PRINCIPIANTE-2 DIAS
1265,Recomposición,Chicas,Gimnasio,Principiante,2,5,,RECOMPOSICION-CHICAS-GIMNASIO-WEIDER-MES 5-PRINCIPIANTE-2 DÍAS
1270,Recomposición,Chicas,Gimnasio,Principiante,2,6,,RECOMPOSICION-CHICAS-GIMNASIO-EMPUJES Y TRACCIONES-MES 6-PRINCIPIANTE-2 DIAS
1250,Recomposición,Chicas,Gimnasio,Principiante,3,1,,RECOMPOSICION-CHICAS- GIMNASIO-WEIDER-MES 1-PRINCIPIANTE-3 DIAS
1256,Recomposición,Chicas,Gimnasio,Principiante,3,2,,RECOMPOSICION-CHICAS-GIMNASIO-EMPUJES Y TRACCIONES-MES 2-PRINCIPIANTE-3 DIAS
1261,Recomposición,Chicas,Gimnasio,Principiante,3,3,,RECOMPOSICION-CHICAS-GIMNASIO-TORSO PIERNA-MES 3-PRINCIPIANTE-3 DIAS
1258,Recomposición,Chicas,Gimnasio,Principiante,3,4,,RECOMPOSICION-CHICAS-GIMNASIO-FULLBODY DESCEN-MES 4-PRINCIPIANTE-3 DIAS
1264,Recomposición,Chicas,Gimnasio,Principiante,3,5,,RECOMPOSICION-CHICAS-GIMNASIO-WEIDER-MES 5-PRINCIPIANTE-3 DÍAS
1271,Recomposición,Chicas,Gimnasio,Principiante,3,6,,RECOMPOSICION-CHICAS-GIMNASIO-EMPUJES Y TRACCIONES-MES 6-PRINCIPIANTE-3 DIAS
1248,Recomposición,Chicas,Gimnasio,Principiante,4,1,,RECOMPOSICION-CHICAS- GIMNASIO-WEIDER-MES 1-PRINCIPIANTE-4 DIAS
1255,Recomposición,Chicas,Gimnasio,Principiante,4,2,,RECOMPOSICION-CHICAS-GIMNASIO-EMPUJES Y TRACCIONES-MES 2-PRINCIPIANTE-4 DIAS
1260,Recomposición,Chicas,Gimnasio,Principiante,4,3,,RECOMPOSICION-CHICAS-GIMNASIO-TORSO PIERNA-MES 3-PRINCIPIANTE-4 DIAS
1253,Recomposición,Chicas,Gimnasio,Principiante,4,4,,RECOMPOSICION-CHICAS-GIMNASIO-FULLBODY DESCEN-MES 4-PRINCIPIANTE-4 DIAS
1267,Recomposición,Chicas,Gimnasio,Principiante,4,5,,RECOMPOSICION-CHICAS-GIMNASIO-WEIDER-MES 5-PRINCIPIANTE-4 DÍAS
1268,Recomposición,Chicas,Gimnasio,Principiante,4,6,,RECOMPOSICION-CHICAS-GIMNASIO-EMPUJES Y TRACCIONES-MES 6-PRINCIPIANTE-4 DIAS
1249,Recomposición,Chicas,Gimnasio,Principiante,5,1,,RECOMPOSICION-CHICAS- GIMNASIO-WEIDER-MES 1-PRINCIPIANTE-5 DIAS
1254,Recomposición,Chicas,Gimnasio,Principiante,5,2,,RECOMPOSICION-CHICAS-GIMNASIO-EMPUJES Y TRACCIONES-MES 2-PRINCIPIANTE-5 DIAS
1259,Recomposición,Chicas,Gimnasio,Principiante,5,3,,RECOMPOSICION-CHICAS-GIMNASIO-TORSO PIERNA-MES 3-PRINCIPIANTE-5 DIAS
1252,Recomposición,Chicas,Gimnasio,Principiante,5,4,,RECOMPOSICION-CHICAS-GIMNASIO-FULLBODY DESCEN-MES 4-PRINCIPIANTE-5 DIAS
1266,Recomposición,Chicas,Gimnasio,Principiante,5,5,,RECOMPOSICION-CHICAS-GIMNASIO-WEIDER-MES 5-PRINCIPIANTE-5 DÍAS
1269,Recomposición,Chicas,Gimnasio,Principiante,5,6,,RECOMPOSICION-CHICAS-GIMNASIO-EMPUJES Y TRACCIONES-MES 6-PRINCIPIANTE-5 DIAS
1070,Recomposición,Chicas,Mancuernas y gomas,Avanzado,2,1,,RECOMPOSICION-CHICAS-MANCUERNAS Y GOMAS-WEIDER-MES 1-AVANZADO-2 DIAS
1054,Recomposición,Chicas,Mancuernas y gomas,Avanzado,2,2,,RECOMPOSICION-CHICAS-MANCUERNAS Y GOMAS-EMPUJES Y TRACCIONES-MES 2-AVANZADO-2 DIAS
1058,Recomposición,Chicas,Mancuernas y gomas,Avanzado,2,3,,RECOMPOSICION-CHICAS-MANCUERNAS Y GOMAS-TORSO PIERNA-MES 3-AVANZADO-2 DIAS
1062,Recomposición,Chicas,Mancuernas y gomas,Avanzado,2,4,,RECOMPOSICION-CHICAS-MANCUERNAS Y GOMAS-FULLBODY DESCEN-MES 4-AVANZADO-2 DIAS
1274,Recomposición,Chicas,Mancuernas y gomas,Avanzado,2,5,,RECOMPOSICION-CHICAS-MANCUERNAS Y GOMAS-WEIDER-MES 5-AVANZADO-2 DÍAS
1276,Recomposición,Chicas,Mancuernas y gomas,Avanzado,2,6,,RECOMPOSICION-CHICAS-MANCUERNAS Y GOMA-EMPUJES Y TRACCIONES-MES 6-AVANZADO-2 DIAS
1284,Recomposición,Chicas,Mancuernas y gomas,Avanzado,2,7,,RECOMPOSICION-CHICAS-MANCUERNAS Y GOMAS-TORSO PIERNA-MES 7-AVANZADO-2 DIAS
1288,Recomposición,Chicas,Mancuernas y gomas,Avanzado,2,8,,RECOMPOSICION-CHICAS-MANCUERNAS Y GOMAS-FULLBODY DESCEN-MES 8-AVANZADO-2 DIAS
1292,Recomposición,Chicas,Mancuernas y gomas,Avanzado,2,9,,RECOMPOSICION-CHICAS-MANCUERNAS Y GOMAS-WEIDER-MES 9-AVANZADO-2 DÍAS
1069,Recomposición,Chicas,Mancuernas y gomas,Avanzado,3,1,,RECOMPOSICION-CHICAS-MANCUERNAS Y GOMAS-WEIDER-MES 1-AVANZADO-3 DIAS
1053,Recomposición,Chicas,Mancuernas y gomas,Avanzado,3,2,,RECOMPOSICION-CHICAS-MANCUERNAS Y GOMAS-EMPUJES Y TRACCIONES-MES 2-AVANZADO-3 DIAS
1057,Recomposición,Chicas,Mancuernas y gomas,Avanzado,3,3,,RECOMPOSICION-CHICAS-MANCUERNAS Y GOMAS-TORSO PIERNA-MES 3-AVANZADO-3 DIAS
1061,Recomposición,Chicas,Mancuernas y gomas,Avanzado,3,4,,RECOMPOSICION-CHICAS-MANCUERNAS Y GOMAS-FULLBODY DESCEN-MES 4-AVANZADO-3 DIAS
1275,Recomposición,Chicas,Mancuernas y gomas,Avanzado,3,5,,RECOMPOSICION-CHICAS-MANCUERNAS Y GOMAS-WEIDER-MES 5-AVANZADO-3 DÍAS
1277,Recomposición,Chicas,Mancuernas y gomas,Avanzado,3,6,,RECOMPOSICION-CHICAS-MANCUERNAS Y GOMA-EMPUJES Y TRACCIONES-MES 6-AVANZADO-3 DIAS
1283,Recomposición,Chicas,Mancuernas y gomas,Avanzado,3,7,,RECOMPOSICION-CHICAS-MANCUERNAS Y GOMAS-TORSO PIERNA-MES 7-AVANZADO-3 DIAS
1287,Recomposición,Chicas,Mancuernas y gomas,Avanzado,3,8,,RECOMPOSICION-CHICAS-MANCUERNAS Y GOMAS-FULLBODY DESCEN-MES 8-AVANZADO-3 DIAS
1291,Recomposición,Chicas,Mancuernas y gomas,Avanzado,3,9,,RECOMPOSICION-CHICAS-MANCUERNAS Y GOMAS-WEIDER-MES 9-AVANZADO-3 DÍAS
1272,Recomposición,Chicas,Mancuernas y gomas,Avanzado,4,1,,RECOMPOSICION-CHICAS-MANCUERNAS Y GOMAS-WEIDER-MES 1-AVANZADO-4 DIAS
1052,Recomposición,Chicas,Mancuernas y gomas,Avanzado,4,2,,RECOMPOSICION-CHICAS-MANCUERNAS Y GOMAS-EMPUJES Y TRACCIONES-MES 2-AVANZADO-4 DIAS
1056,Recomposición,Chicas,Mancuernas y gomas,Avanzado,4,3,,RECOMPOSICION-CHICAS-MANCUERNAS Y GOMAS-TORSO PIERNA-MES 3-AVANZADO-4 DIAS
1060,Recomposición,Chicas,Mancuernas y gomas,Avanzado,4,4,,RECOMPOSICION-CHICAS-MANCUERNAS Y GOMAS-FULLBODY DESCEN-MES 4-AVANZADO-4 DIAS
1273,Recomposición,Chicas,Mancuernas y gomas,Avanzado,4,5,,RECOMPOSICION-CHICAS-MANCUERNAS Y GOMAS-WEIDER-MES 5-AVANZADO-4 DÍAS
1278,Recomposición,Chicas,Mancuernas y gomas,Avanzado,4,6,,RECOMPOSICION-CHICAS-MANCUERNAS Y GOMA-EMPUJES Y TRACCIONES-MES 6-AVANZADO-4 DIAS
1282,Recomposición,Chicas,Mancuernas y gomas,Avanzado,4,7,,RECOMPOSICION-CHICAS-MANCUERNAS Y GOMAS-TORSO PIERNA-MES 7-AVANZADO-4 DIAS
1286,Recomposición,Chicas,Mancuernas y gomas,Avanzado,4,8,,RECOMPOSICION-CHICAS-MANCUERNAS Y GOMAS-FULLBODY DESCEN-MES 8-AVANZADO-4 DIAS
1290,Recomposición,Chicas,Mancuernas y gomas,Avanzado,4,9,,RECOMPOSICION-CHICAS-MANCUERNAS Y GOMAS-WEIDER-MES 9-AVANZADO-4 DÍAS
1068,Recomposición,Chicas,Mancuernas y gomas,Avanzado,5,1,,RECOMPOSICION-CHICAS-MANCUERNAS Y GOMAS-WEIDER-MES 1-AVANZADO-5 DIAS
1051,Recomposición,Chicas,Mancuernas y gomas,Avanzado,5,2,,RECOMPOSICION-CHICAS-MANCUERNAS Y GOMAS-EMPUJES Y TRACCIONES-MES 2-AVANZADO-5 DIAS
1055,Recomposición,Chicas,Mancuernas y gomas,Avanzado,5,3,,RECOMPOSICION-CHICAS-MANCUERNAS Y GOMAS-TORSO PIERNA-MES 3-AVANZADO-5 DIAS
1059,Recomposición,Chicas,Mancuernas y gomas,Avanzado,5,4,,RECOMPOSICION-CHICAS-MANCUERNAS Y GOMAS-FULLBODY DESCEN-MES 4-AVANZADO-5 DIAS
1280,Recomposición,Chicas,Mancuernas y gomas,Avanzado,5,5,,RECOMPOSICION-CHICAS-MANCUERNAS Y GOMAS-WEIDER-MES 5-AVANZADO-5 DÍAS 
1279,Recomposición,Chicas,Mancuernas y gomas,Avanzado,5,6,,RECOMPOSICION-CHICAS-MANCUERNAS Y GOMAS-WEIDER-MES 6-AVANZADO-5 DÍAS-
1281,Recomposición,Chicas,Mancuernas y gomas,Avanzado,5,7,,RECOMPOSICION-CHICAS-MANCUERNAS Y GOMAS-TORSO PIERNA-MES 7-AVANZADO-5 DIAS
1285,Recomposición,Chicas,Mancuernas y gomas,Avanzado,5,8,,RECOMPOSICION-CHICAS-MANCUERNAS Y GOMAS-FULLBODY DESCEN-MES 8-AVANZADO-5 DIAS
1289,Recomposición,Chicas,Mancuernas y gomas,Avanzado,5,9,,RECOMPOSICION-CHICAS-MANCUERNAS Y GOMAS-WEIDER-MES 9-AVANZADO-5 DÍAS
1295,Recomposición,Chicas,Mancuernas y gomas,Principiante,2,1,,RECOMPOSICION-CHICAS-MANCUERNAS Y GOMAS-WEIDER-MES 1-PRINCIPIANTE-2 DIAS
1300,Recomposición,Chicas,Mancuernas y gomas,Principiante,2,2,,RECOMPOSICION-CHICAS-MANCUERNAS Y GOMAS-EMPUJES Y TRACCIONES-MES 2-PRINCIPIANTE-2 DIAS
1304,Recomposición,Chicas,Mancuernas y gomas,Principiante,2,3,,RECOMPOSICION-CHICAS-MANCUERNAS Y GOMAS-TORSO PIERNA-MES 3-PRINCIPIANTE-2 DIAS
1307,Recomposición,Chicas,Mancuernas y gomas,Principiante,2,4,,RECOMPOSICION-CHICAS-MANCUERNAS Y GOMAS-FULLBODY DESCEN-MES 4-PRINCIPIANTE-2 DIAS
1309,Recomposición,Chicas,Mancuernas y gomas,Principiante,2,5,,RECOMPOSICION-CHICAS-MANCUERNAS Y GOMAS-WEIDER-MES 5-PRINCIPIANTE-2 DÍAS
1314,Recomposición,Chicas,Mancuernas y gomas,Principiante,2,6,,RECOMPOSICION-CHICAS-MANCUERNAS Y GOMAS-EMPUJES Y TRACCIONES-MES 6-PRINCIPIANTE-2 DIAS
1294,Recomposición,Chicas,Mancuernas y gomas,Principiante,3,1,,RECOMPOSICION-CHICAS-MANCUERNAS Y GOMAS-WEIDER-MES 1-PRINCIPIANTE-3 DIAS
1299,Recomposición,Chicas,Mancuernas y gomas,Principiante,3,2,,RECOMPOSICION-CHICAS-MANCUERNAS Y GOMAS-EMPUJES Y TRACCIONES-MES 2-PRINCIPIANTE-3 DIAS
1303,Recomposición,Chicas,Mancuernas y gomas,Principiante,3,3,,RECOMPOSICION-CHICAS-MANCUERNAS Y GOMAS-TORSO PIERNA-MES 3-PRINCIPIANTE-3 DIAS
1306,Recomposición,Chicas,Mancuernas y gomas,Principiante,3,4,,RECOMPOSICION-CHICAS-MANCUERNAS Y GOMAS-FULLBODY DESCEN-MES 4-PRINCIPIANTE-3 DIAS
1312,Recomposición,Chicas,Mancuernas y gomas,Principiante,3,5,,RECOMPOSICION-CHICAS-MANCUERNAS Y GOMAS-WEIDER-MES 5-PRINCIPIANTE-3 DÍAS
1316,Recomposición,Chicas,Mancuernas y gomas,Principiante,3,6,,RECOMPOSICION-CHICAS-MANCUERNAS Y GOMAS-EMPUJES Y TRACCIONES-MES 6-PRINCIPIANTE-3 DIAS
1296,Recomposición,Chicas,Mancuernas y gomas,Principiante,4,1,,RECOMPOSICION-CHICAS-MANCUERNAS Y GOMAS-WEIDER-MES 1-PRINCIPIANTE-4 DIAS
1298,Recomposición,Chicas,Mancuernas y gomas,Principiante,4,2,,RECOMPOSICION-CHICAS-MANCUERNAS Y GOMAS-EMPUJES Y TRACCIONES-MES 2-PRINCIPIANTE-4 DIAS
1302,Recomposición,Chicas,Mancuernas y gomas,Principiante,4,3,,RECOMPOSICION-CHICAS-MANCUERNAS Y GOMAS-TORSO PIERNA-MES 3-PRINCIPIANTE-4 DIAS
1305,Recomposición,Chicas,Mancuernas y gomas,Principiante,4,4,,RECOMPOSICION-CHICAS-MANCUERNAS Y GOMAS-FULLBODY DESCEN-MES 4-PRINCIPIANTE-4 DIAS
1310,Recomposición,Chicas,Mancuernas y gomas,Principiante,4,5,,RECOMPOSICION-CHICAS-MANCUERNAS Y GOMAS-WEIDER-MES 5-PRINCIPIANTE-4 DÍAS
1313,Recomposición,Chicas,Mancuernas y gomas,Principiante,4,6,,RECOMPOSICION-CHICAS-MANCUERNAS Y GOMAS-EMPUJES Y TRACCIONES-MES 6-PRINCIPIANTE-4 DIAS
1317,Recomposición,Chicas,Mancuernas y gomas,Principiante,4,,SÍ,RECOMPOSICION-sss
1293,Recomposición,Chicas,Mancuernas y gomas,Principiante,5,1,,RECOMPOSICION-CHICAS-MANCUERNAS Y GOMAS-WEIDER-MES 1-PRINCIPIANTE-5 DIAS
1297,Recomposición,Chicas,Mancuernas y gomas,Principiante,5,2,,RECOMPOSICION-CHICAS-MANCUERNAS Y GOMAS-EMPUJES Y TRACCIONES-MES 2-PRINCIPIANTE-5 DIAS
1301,Recomposición,Chicas,Mancuernas y gomas,Principiante,5,3,,RECOMPOSICION-CHICAS-MANCUERNAS Y GOMAS-TORSO PIERNA-MES 3-PRINCIPIANTE-5 DIAS
1308,Recomposición,Chicas,Mancuernas y gomas,Principiante,5,4,,RECOMPOSICION-CHICAS-MANCUERNAS Y GOMAS-FULLBODY DESCEN-MES 4-PRINCIPIANTE-5 DIAS
1311,Recomposición,Chicas,Mancuernas y gomas,Principiante,5,5,,RECOMPOSICION-CHICAS-MANCUERNAS Y GOMAS-WEIDER-MES 5-PRINCIPIANTE-5 DÍAS
1315,Recomposición,Chicas,Mancuernas y gomas,Principiante,5,6,,RECOMPOSICION-CHICAS-MANCUERNAS Y GOMAS-EMPUJES Y TRACCIONES-MES 6-PRINCIPIANTE-5 DIAS
1073,Recomposición,Chicas,Solo gomas,Avanzado,2,1,,RECOMPOSICION-CHICAS-SOLO GOMAS-WEIDER-MES 1-AVANZADO-2 DIAS
1082,Recomposición,Chicas,Solo gomas,Avanzado,2,2,,RECOMPOSICION-CHICAS-SOLO GOMAS-EMPUJES Y TRACCIONES-MES 2-AVANZADO-2 DIAS
1321,Recomposición,Chicas,Solo gomas,Avanzado,2,3,,RECOMPOSICION-CHICAS-SOLO GOMAS-TORSO PIERNA-MES 3-AVANZADO-2 DIAS
1087,Recomposición,Chicas,Solo gomas,Avanzado,2,4,,RECOMPOSICION-CHICAS-SOLO GOMAS-FULLBODY DESCEN-MES 4-AVANZADO-2 DIAS
1327,Recomposición,Chicas,Solo gomas,Avanzado,2,5,,RECOMPOSICION-CHICAS-SOLO GOMAS-WEIDER-MES 5-AVANZADO-2 DÍAS
1330,Recomposición,Chicas,Solo gomas,Avanzado,2,6,,RECOMPOSICION-CHICAS-SOLO GOMAS-EMPUJES Y TRACCIONES-MES 6-AVANZADO-2 DIAS
1335,Recomposición,Chicas,Solo gomas,Avanzado,2,7,,RECOMPOSICION-CHICAS-SOLO GOMAS-TORSO PIERNA-MES 7-AVANZADO-2 DIAS
1339,Recomposición,Chicas,Solo gomas,Avanzado,2,8,,RECOMPOSICION-CHICAS-SOLO GOMAS-FULLBODY DESCEN-MES 8-AVANZADO-2 DIAS
1343,Recomposición,Chicas,Solo gomas,Avanzado,2,9,,RECOMPOSICION-CHICAS-SOLO GOMAS-WEIDER-MES 9-AVANZADO-2 DÍAS
1072,Recomposición,Chicas,Solo gomas,Avanzado,3,1,,RECOMPOSICION-CHICAS-SOLO GOMAS-WEIDER-MES 1-AVANZADO-3 DIAS
1081,Recomposición,Chicas,Solo gomas,Avanzado,3,2,,RECOMPOSICION-CHICAS-SOLO GOMAS-EMPUJES Y TRACCIONES-MES 2-AVANZADO-3 DIAS
1320,Recomposición,Chicas,Solo gomas,Avanzado,3,3,,RECOMPOSICION-CHICAS-SOLO GOMAS-TORSO PIERNA-MES 3-AVANZADO-3 DIAS
1085,Recomposición,Chicas,Solo gomas,Avanzado,3,4,,RECOMPOSICION-CHICAS-SOLO GOMAS-FULLBODY DESCEN-MES 4-AVANZADO-3 DIAS
1326,Recomposición,Chicas,Solo gomas,Avanzado,3,5,,RECOMPOSICION-CHICAS-SOLO GOMAS-WEIDER-MES 5-AVANZADO-3 DÍAS
1331,Recomposición,Chicas,Solo gomas,Avanzado,3,6,,RECOMPOSICION-CHICAS-SOLO GOMAS-EMPUJES Y TRACCIONES-MES 6-AVANZADO-3 DIAS
1334,Recomposición,Chicas,Solo gomas,Avanzado,3,7,,RECOMPOSICION-CHICAS-SOLO GOMAS-TORSO PIERNA-MES 7-AVANZADO-3 DIAS
1338,Recomposición,Chicas,Solo gomas,Avanzado,3,8,,RECOMPOSICION-CHICAS-SOLO GOMAS-FULLBODY DESCEN-MES 8-AVANZADO-3 DIAS
1342,Recomposición,Chicas,Solo gomas,Avanzado,3,9,,RECOMPOSICION-CHICAS-SOLO GOMAS-WEIDER-MES 9-AVANZADO-3 DÍAS
1324,Recomposición,Chicas,Solo gomas,Avanzado,4,1,,RECOMPOSICION-CHICAS-SOLO GOMAS-WEIDER-MES 1-AVANZADO-4 DIAS
1322,Recomposición,Chicas,Solo gomas,Avanzado,4,1,,RECOMPOSICION-CHICAS-SOLO GOMAS-WEIDER-MES 1-AVANZADO-4 DIAS
1065,Recomposición,Chicas,Solo gomas,Avanzado,4,2,,RECOMPOSICION-CHICAS-SOLO GOMAS-EMPUJES Y TRACCIONES-MES 2-AVANZADO-4 DIAS
1319,Recomposición,Chicas,Solo gomas,Avanzado,4,3,,RECOMPOSICION-CHICAS-SOLO GOMAS-TORSO PIERNA-MES 3-AVANZADO-4 DIAS
1084,Recomposición,Chicas,Solo gomas,Avanzado,4,4,,RECOMPOSICION-CHICAS-SOLO GOMAS-FULLBODY DESCEN-MES 4-AVANZADO-4 DIAS
1325,Recomposición,Chicas,Solo gomas,Avanzado,4,5,,RECOMPOSICION-CHICAS-SOLO GOMAS-WEIDER-MES 5-AVANZADO-4 DÍAS
1328,Recomposición,Chicas,Solo gomas,Avanzado,4,6,,RECOMPOSICION-CHICAS-SOLO GOMAS-EMPUJES Y TRACCIONES-MES 6-AVANZADO-4 DIAS
1333,Recomposición,Chicas,Solo gomas,Avanzado,4,7,,RECOMPOSICION-CHICAS-SOLO GOMAS-TORSO PIERNA-MES 7-AVANZADO-4 DIAS
1337,Recomposición,Chicas,Solo gomas,Avanzado,4,8,,RECOMPOSICION-CHICAS-SOLO GOMAS-FULLBODY DESCEN-MES 8-AVANZADO-4 DIAS
1341,Recomposición,Chicas,Solo gomas,Avanzado,4,9,,RECOMPOSICION-CHICAS-SOLO GOMAS-WEIDER-MES 9-AVANZADO-4 DÍAS
1071,Recomposición,Chicas,Solo gomas,Avanzado,5,1,,RECOMPOSICION-CHICAS-SOLO GOMAS-WEIDER-MES 1-AVANZADO-5 DIAS
1064,Recomposición,Chicas,Solo gomas,Avanzado,5,2,,RECOMPOSICION-CHICAS-SOLO GOMAS-EMPUJES Y TRACCIONES-MES 2-AVANZADO-5 DIAS
1318,Recomposición,Chicas,Solo gomas,Avanzado,5,3,,RECOMPOSICION-CHICAS-SOLO GOMAS-TORSO PIERNA-MES 3-AVANZADO-5 DIAS
1083,Recomposición,Chicas,Solo gomas,Avanzado,5,4,,RECOMPOSICION-CHICAS-SOLO GOMAS-FULLBODY DESCEN-MES 4-AVANZADO-5 DIAS
1323,Recomposición,Chicas,Solo gomas,Avanzado,5,5,,RECOMPOSICION-CHICAS-SOLO GOMAS-WEIDER-MES 5-AVANZADO-5 DÍAS
1329,Recomposición,Chicas,Solo gomas,Avanzado,5,6,,RECOMPOSICION-CHICAS-SOLO GOMAS-EMPUJES Y TRACCIONES-MES 6-AVANZADO-5 DIAS
1332,Recomposición,Chicas,Solo gomas,Avanzado,5,7,,RECOMPOSICION-CHICAS-SOLO GOMAS-TORSO PIERNA-MES 7-AVANZADO-5 DIAS
1336,Recomposición,Chicas,Solo gomas,Avanzado,5,8,,RECOMPOSICION-CHICAS-SOLO GOMAS-FULLBODY DESCEN-MES 8-AVANZADO-5 DIAS
1340,Recomposición,Chicas,Solo gomas,Avanzado,5,9,,RECOMPOSICION-CHICAS-SOLO GOMAS-WEIDER-MES 9-AVANZADO-5 DÍAS
1347,Recomposición,Chicas,Solo gomas,Principiante,2,1,,RECOMPOSICION-CHICAS-SOLO GOMAS-WEIDER-MES 1-PRINCIPIANTE-2 DIAS
1351,Recomposición,Chicas,Solo gomas,Principiante,2,2,,RECOMPOSICION-CHICAS-SOLO GOMAS-EMPUJES Y TRACCIONES-MES 2-PRINCIPIANTE-2 DIAS
1355,Recomposición,Chicas,Solo gomas,Principiante,2,3,,RECOMPOSICION-CHICAS-SOLO GOMAS-TORSO PIERNA-MES 3-PRINCIPIANTE-2 DIAS
1359,Recomposición,Chicas,Solo gomas,Principiante,2,4,,RECOMPOSICION-CHICAS-SOLO GOMAS-FULLBODY DESCEN-MES 4-PRINCIPIANTE-2 DIAS
1361,Recomposición,Chicas,Solo gomas,Principiante,2,5,,RECOMPOSICION-CHICAS-SOLO GOMAS-WEIDER-MES 5-PRINCIPIANTE-2 DÍAS
1365,Recomposición,Chicas,Solo gomas,Principiante,2,6,,RECOMPOSICION-CHICAS-SOLO GOMAS-EMPUJES Y TRACCIONES-MES 6-PRINCIPIANTE-2 DIAS
1346,Recomposición,Chicas,Solo gomas,Principiante,3,1,,RECOMPOSICION-CHICAS-SOLO GOMAS-WEIDER-MES 1-PRINCIPIANTE-3 DIAS
1350,Recomposición,Chicas,Solo gomas,Principiante,3,2,,RECOMPOSICION-CHICAS-SOLO GOMAS-EMPUJES Y TRACCIONES-MES 2-PRINCIPIANTE-3 DIAS
1354,Recomposición,Chicas,Solo gomas,Principiante,3,3,,RECOMPOSICION-CHICAS-SOLO GOMAS-TORSO PIERNA-MES 3-PRINCIPIANTE-3 DIAS
1358,Recomposición,Chicas,Solo gomas,Principiante,3,4,,RECOMPOSICION-CHICAS-SOLO GOMAS-FULLBODY DESCEN-MES 4-PRINCIPIANTE-3 DIAS
1362,Recomposición,Chicas,Solo gomas,Principiante,3,5,,RECOMPOSICION-CHICAS-SOLO GOMAS-WEIDER-MES 5-PRINCIPIANTE-3 DÍAS
1367,Recomposición,Chicas,Solo gomas,Principiante,3,6,,RECOMPOSICION-CHICAS-SOLO GOMAS-EMPUJES Y TRACCIONES-MES 6-PRINCIPIANTE-3 DIAS
1345,Recomposición,Chicas,Solo gomas,Principiante,4,1,,RECOMPOSICION-CHICAS-SOLO GOMAS-WEIDER-MES 1-PRINCIPIANTE-4 DIAS
1349,Recomposición,Chicas,Solo gomas,Principiante,4,2,,RECOMPOSICION-CHICAS-SOLO GOMAS-EMPUJES Y TRACCIONES-MES 2-PRINCIPIANTE-4 DIAS
1353,Recomposición,Chicas,Solo gomas,Principiante,4,3,,RECOMPOSICION-CHICAS-SOLO GOMAS-TORSO PIERNA-MES 3-PRINCIPIANTE-4 DIAS
1357,Recomposición,Chicas,Solo gomas,Principiante,4,4,,RECOMPOSICION-CHICAS-SOLO GOMAS-FULLBODY DESCEN-MES 4-PRINCIPIANTE-4 DIAS
1360,Recomposición,Chicas,Solo gomas,Principiante,4,5,,RECOMPOSICION-CHICAS-SOLO GOMAS-WEIDER-MES 5-PRINCIPIANTE-4 DÍAS
1366,Recomposición,Chicas,Solo gomas,Principiante,4,6,,RECOMPOSICION-CHICAS-SOLO GOMAS-EMPUJES Y TRACCIONES-MES 6-PRINCIPIANTE-4 DIAS
1344,Recomposición,Chicas,Solo gomas,Principiante,5,1,,RECOMPOSICION-CHICAS-SOLO GOMAS-WEIDER-MES 1-PRINCIPIANTE-5 DIAS
1348,Recomposición,Chicas,Solo gomas,Principiante,5,2,,RECOMPOSICION-CHICAS-SOLO GOMAS-EMPUJES Y TRACCIONES-MES 2-PRINCIPIANTE-5 DIAS
1352,Recomposición,Chicas,Solo gomas,Principiante,5,3,,RECOMPOSICION-CHICAS-SOLO GOMAS-TORSO PIERNA-MES 3-PRINCIPIANTE-5 DIAS
1356,Recomposición,Chicas,Solo gomas,Principiante,5,4,,RECOMPOSICION-CHICAS-SOLO GOMAS-FULLBODY DESCEN-MES 4-PRINCIPIANTE-5 DIAS
1363,Recomposición,Chicas,Solo gomas,Principiante,5,5,,RECOMPOSICION-CHICAS-SOLO GOMAS-WEIDER-MES 5-PRINCIPIANTE-5 DÍAS 
1364,Recomposición,Chicas,Solo gomas,Principiante,5,6,,RECOMPOSICION-CHICAS-SOLO GOMAS-EMPUJES Y TRACCIONES-MES 6-PRINCIPIANTE-5 DIAS
1098,Recomposición,Chicos,Gimnasio,Avanzado,2,1,,RECOMPOSICION-CHICOS-GIMNASIO-WEIDER-MES 1-AVANZADO-2 DIAS
1108,Recomposición,Chicos,Gimnasio,Avanzado,2,2,,RECOMPOSICION-CHICOS-GIMNASIO-EMPUJES Y TRACCIONES-MES 2-AVANZADO-2 DIAS
1091,Recomposición,Chicos,Gimnasio,Avanzado,2,3,,RECOMPOSICION-CHICOS-GIMNASIO-TORSO PIERNA-MES 3-AVANZADO-2 DIAS
1096,Recomposición,Chicos,Gimnasio,Avanzado,2,4,,RECOMPOSICION-CHICOS-GIMNASIO-FULLBODY DESCEN-MES 4-AVANZADO-2 DIAS
1093,Recomposición,Chicos,Gimnasio,Avanzado,2,5,,RECOMPOSICION-CHICOS-GIMNASIO-WEIDER-MES 5-AVANZADO-2 DIAS
1110,Recomposición,Chicos,Gimnasio,Avanzado,2,6,,RECOMPOSICION-CHICOS-GIMNASIO-EMPUJES Y TRACCIONES-MES 6-AVANZADO-2 DIAS
1042,Recomposición,Chicos,Gimnasio,Avanzado,2,7,,RECOMPOSICION-CHICOS-GIMNASIO-TORSO PIERNA-MES 7-AVANZADO-2 DIAS
1026,Recomposición,Chicos,Gimnasio,Avanzado,2,8,,RECOMPOSICION-CHICOS-GIMNASIO-FULLBODY DESCEN-MES 8-AVANZADO-2 DIAS
1117,Recomposición,Chicos,Gimnasio,Avanzado,2,9,,RECOMPOSICION-CHICOS-GIMNASIO-WEIDER-MES 9-AVANZADO-2 DÍAS
1111,Recomposición,Chicos,Gimnasio,Avanzado,3,1,,RECOMPOSICION-CHICOS-GIMNASIO-WEIDER-MES 1-AVANZADO-3 DIAS
1106,Recomposición,Chicos,Gimnasio,Avanzado,3,2,,RECOMPOSICION-CHICOS-GIMNASIO-EMPUJES Y TRACCIONES-MES 2-AVANZADO-3 DIAS
1101,Recomposición,Chicos,Gimnasio,Avanzado,3,3,,RECOMPOSICION-CHICOS-GIMNASIO-TORSO PIERNA-MES 3-AVANZADO-3 DIAS
1092,Recomposición,Chicos,Gimnasio,Avanzado,3,4,,RECOMPOSICION-CHICOS-GIMNASIO-FULLBODY DESCEN-MES 4-AVANZADO-3 DIAS
1094,Recomposición,Chicos,Gimnasio,Avanzado,3,5,,RECOMPOSICION-CHICOS-GIMNASIO-WEIDER-MES 5-AVANZADO-3 DIAS
1112,Recomposición,Chicos,Gimnasio,Avanzado,3,6,,RECOMPOSICION-CHICOS-GIMNASIO-EMPUJES Y TRACCIONES-MES 6-AVANZADO-3 DIAS
1041,Recomposición,Chicos,Gimnasio,Avanzado,3,7,,RECOMPOSICION-CHICOS-GIMNASIO-TORSO PIERNA-MES 7-AVANZADO-3 DIAS
1025,Recomposición,Chicos,Gimnasio,Avanzado,3,8,,RECOMPOSICION-CHICOS-GIMNASIO-FULLBODY DESCEN-MES 8-AVANZADO-3 DIAS
1116,Recomposición,Chicos,Gimnasio,Avanzado,3,9,,RECOMPOSICION-CHICOS-GIMNASIO-WEIDER-MES 9-AVANZADO-3 DÍAS
1099,Recomposición,Chicos,Gimnasio,Avanzado,4,1,,RECOMPOSICION-CHICOS-GIMNASIO-WEIDER-MES 1-AVANZADO-4 DIAS
1107,Recomposición,Chicos,Gimnasio,Avanzado,4,2,,RECOMPOSICION-CHICOS-GIMNASIO-EMPUJES Y TRACCIONES-MES 2-AVANZADO-4 DIAS
1090,Recomposición,Chicos,Gimnasio,Avanzado,4,3,,RECOMPOSICION-CHICOS-GIMNASIO-TORSO PIERNA-MES 3-AVANZADO-4 DIAS
1102,Recomposición,Chicos,Gimnasio,Avanzado,4,4,,RECOMPOSICION-CHICOS-GIMNASIO-FULLBODY DESCEN-MES 4-AVANZADO-4 DIAS
1097,Recomposición,Chicos,Gimnasio,Avanzado,4,5,,RECOMPOSICION-CHICOS-GIMNASIO-WEIDER-MES 5-AVANZADO-4 DIAS
1089,Recomposición,Chicos,Gimnasio,Avanzado,4,6,,RECOMPOSICION-CHICOS-GIMNASIO-EMPUJES Y TRACCIONES-MES 6-AVANZADO-4 DIAS
1113,Recomposición,Chicos,Gimnasio,Avanzado,4,7,,RECOMPOSICION-CHICOS-GIMNASIO-TORSO PIERNA-MES 7-AVANZADO-4 DIAS
1044,Recomposición,Chicos,Gimnasio,Avanzado,4,8,,RECOMPOSICION-CHICOS-GIMNASIO-FULLBODY DESCEN-MES 8-AVANZADO-4 DIAS
1114,Recomposición,Chicos,Gimnasio,Avanzado,4,9,,RECOMPOSICION-CHICOS-GIMNASIO-WEIDER-MES 9-AVANZADO-4 DIAS
1109,Recomposición,Chicos,Gimnasio,Avanzado,5,1,,RECOMPOSICION-CHICOS-GIMNASIO-WEIDER-MES 1-AVANZADO-5 DIAS
1088,Recomposición,Chicos,Gimnasio,Avanzado,5,2,,RECOMPOSICION-CHICOS-GIMNASIO-EMPUJES Y TRACCIONES-MES 2-AVANZADO-5 DIAS
1105,Recomposición,Chicos,Gimnasio,Avanzado,5,3,,RECOMPOSICION-CHICOS-GIMNASIO-TORSO PIERNA-MES 3-AVANZADO-5 DIAS
1103,Recomposición,Chicos,Gimnasio,Avanzado,5,4,,RECOMPOSICION-CHICOS-GIMNASIO-FULLBODY DESCEN-MES 4-AVANZADO-5 DIAS
1095,Recomposición,Chicos,Gimnasio,Avanzado,5,5,,RECOMPOSICION-CHICOS-GIMNASIO-WEIDER-MES 5-AVANZADO-5 DIAS
1100,Recomposición,Chicos,Gimnasio,Avanzado,5,6,,RECOMPOSICION-CHICOS-GIMNASIO-EMPUJES Y TRACCIONES-MES 6-AVANZADO-5 DIAS
1030,Recomposición,Chicos,Gimnasio,Avanzado,5,7,,RECOMPOSICION-CHICOS-GIMNASIO-TORSO PIERNA-MES 7-AVANZADO-5 DIAS
1043,Recomposición,Chicos,Gimnasio,Avanzado,5,8,,RECOMPOSICION-CHICOS-GIMNASIO-FULLBODY DESCEN-MES 8-AVANZADO-5 DIAS
1115,Recomposición,Chicos,Gimnasio,Avanzado,5,9,,RECOMPOSICION-CHICOS-GIMNASIO-WEIDER-MES 9-AVANZADO-5 DÍAS
1134,Recomposición,Chicos,Gimnasio,Principiante,1,,SÍ,RECOMPOSICION-PRUEBA-KATA-DIA5
1008,Recomposición,Chicos,Gimnasio,Principiante,2,1,,RECOMPOSICION-CHICOS-GIMNASIO-WEIDER-MES 1-PRINCIPIANTE-2 DIAS
1012,Recomposición,Chicos,Gimnasio,Principiante,2,2,,RECOMPOSICION-CHICOS-GIMNASIO-EMPUJES Y TRACCIONES-MES 2-PRINCIPIANTE-2 DIAS
1126,Recomposición,Chicos,Gimnasio,Principiante,2,3,,RECOMPOSICION-CHICOS-GIMNASIO-TORSO PIERNA-MES 3-PRINCIPIANTE-2 DIAS
1127,Recomposición,Chicos,Gimnasio,Principiante,2,4,,RECOMPOSICION-CHICOS-GIMNASIO-FULLBODY DESCEN-MES 4-PRINCIPIANTE-2 DIAS
1132,Recomposición,Chicos,Gimnasio,Principiante,2,5,,RECOMPOSICION-CHICOS-GIMNASIO-WEIDER-MES 5-PRINCIPIANTE-2 DIAS
1121,Recomposición,Chicos,Gimnasio,Principiante,2,6,,RECOMPOSICION-CHICOS-GIMNASIO-WEIDER-MES 6-PRINCIPIANTE-2 DIAS
1007,Recomposición,Chicos,Gimnasio,Principiante,3,1,,RECOMPOSICION-CHICOS-GIMNASIO-WEIDER-MES 1-PRINCIPIANTE-3 DIAS
1011,Recomposición,Chicos,Gimnasio,Principiante,3,2,,RECOMPOSICION-CHICOS-GIMNASIO-EMPUJES Y TRACCIONES-MES 2-PRINCIPIANTE-3 DIAS
1124,Recomposición,Chicos,Gimnasio,Principiante,3,3,,RECOMPOSICION-CHICOS-GIMNASIO-TORSO PIERNA-MES 3-PRINCIPIANTE-3 DIAS
1122,Recomposición,Chicos,Gimnasio,Principiante,3,4,,RECOMPOSICION-CHICOS-GIMNASIO-FULLBODY DESCEN-MES 4-PRINCIPIANTE-3 DIAS
1131,Recomposición,Chicos,Gimnasio,Principiante,3,5,,RECOMPOSICION-CHICOS-GIMNASIO-WEIDER-MES 5-PRINCIPIANTE-3 DIAS
1120,Recomposición,Chicos,Gimnasio,Principiante,3,6,,RECOMPOSICION-CHICOS-GIMNASIO-WEIDER-MES 6-PRINCIPIANTE-3 DIAS
1006,Recomposición,Chicos,Gimnasio,Principiante,4,1,,RECOMPOSICION-CHICOS-GIMNASIO-WEIDER-MES 1-PRINCIPIANTE-4 DIAS
1010,Recomposición,Chicos,Gimnasio,Principiante,4,2,,RECOMPOSICION-CHICOS-GIMNASIO-EMPUJES Y TRACCIONES-MES 2-PRINCIPIANTE-4 DIAS
1125,Recomposición,Chicos,Gimnasio,Principiante,4,3,,RECOMPOSICION-CHICOS-GIMNASIO-TORSO PIERNA-MES 3-PRINCIPIANTE-4 DIAS
1129,Recomposición,Chicos,Gimnasio,Principiante,4,4,,RECOMPOSICION-CHICOS-GIMNASIO-FULLBODY DESCEN-MES 4-PRINCIPIANTE-4 DIAS
1133,Recomposición,Chicos,Gimnasio,Principiante,4,5,,RECOMPOSICION-CHICOS-GIMNASIO-WEIDER-MES 5-PRINCIPIANTE-4 DIAS
1119,Recomposición,Chicos,Gimnasio,Principiante,4,6,,RECOMPOSICION-CHICOS-GIMNASIO-WEIDER-MES 6-PRINCIPIANTE-4 DIAS
1368,Recomposición,Chicos,Gimnasio,Principiante,4,,SÍ,RECOMPOSICION-ddd
1005,Recomposición,Chicos,Gimnasio,Principiante,5,1,,RECOMPOSICION-CHICOS-GIMNASIO-WEIDER-MES 1-PRINCIPIANTE-5 DIAS
1009,Recomposición,Chicos,Gimnasio,Principiante,5,2,,RECOMPOSICION-CHICOS-GIMNASIO-EMPUJES Y TRACCIONES-MES 2-PRINCIPIANTE-5 DIAS
1123,Recomposición,Chicos,Gimnasio,Principiante,5,3,,RECOMPOSICION-CHICOS-GIMNASIO-TORSO PIERNA-MES 3-PRINCIPIANTE-5 DIAS
1128,Recomposición,Chicos,Gimnasio,Principiante,5,4,,RECOMPOSICION-CHICOS-GIMNASIO-FULLBODY DESCEN-MES 4-PRINCIPIANTE-5 DIAS
1130,Recomposición,Chicos,Gimnasio,Principiante,5,5,,RECOMPOSICION-CHICOS-GIMNASIO-WEIDER-MES 5-PRINCIPIANTE-5 DIAS
1118,Recomposición,Chicos,Gimnasio,Principiante,5,6,,RECOMPOSICION-CHICOS-GIMNASIO-WEIDER-MES 6-PRINCIPIANTE-5 DIAS
1032,Recomposición,Chicos,Mancuernas y gomas,Avanzado,2,1,,RECOMPOSICION-CHICOS-MANCUERNAS Y GOMAS-WEIDER-MES 1-AVANZADO-2 DIAS
1029,Recomposición,Chicos,Mancuernas y gomas,Avanzado,2,2,,RECOMPOSICION-CHICOS-MANCUERNAS Y GOMAS-EMPUJES Y TRACCIONES-MES 2-AVANZADO-2 DIAS
1048,Recomposición,Chicos,Mancuernas y gomas,Avanzado,2,3,,RECOMPOSICION-CHICOS-MANCUERNAS Y GOMAS-TORSO PIERNA-MES 3-AVANZADO-2 DIAS
1141,Recomposición,Chicos,Mancuernas y gomas,Avanzado,2,4,,RECOMPOSICION-CHICOS-MANCUERNAS Y GOMAS-FULLBODY DESCEN-MES 4-AVANZADO-2 DIAS
1140,Recomposición,Chicos,Mancuernas y gomas,Avanzado,2,5,,RECOMPOSICION-CHICOS-MANCUERNAS Y GOMA-WEIDER-MES 5-AVANZADO-2 DIAS
1149,Recomposición,Chicos,Mancuernas y gomas,Avanzado,2,6,,RECOMPOSICION-CHICOS-MANCUERNAS Y GOMAS-EMPUJES Y TRACCIONES-MES 6-AVANZADO-2 DIAS
1143,Recomposición,Chicos,Mancuernas y gomas,Avanzado,2,7,,RECOMPOSICION-CHICOS-MANCUERNAS Y GOMAS-TORSO PIERNA-MES 7-AVANZADO-2 DIAS
1153,Recomposición,Chicos,Mancuernas y gomas,Avanzado,2,8,,RECOMPOSICION-CHICOS-MANCUERNAS Y GOMAS-FULLBODY DESCEN-MES 8-AVANZADO-2 DIAS
1157,Recomposición,Chicos,Mancuernas y gomas,Avanzado,2,9,,RECOMPOSICION-CHICOS-MANCUERNAS Y GOMA-WEIDER-MES 9-AVANZADO-2 DIAS
1031,Recomposición,Chicos,Mancuernas y gomas,Avanzado,3,1,,RECOMPOSICION-CHICOS-MANCUERNAS Y GOMAS-WEIDER-MES 1-AVANZADO-3 DIAS
1040,Recomposición,Chicos,Mancuernas y gomas,Avanzado,3,2,,RECOMPOSICION-CHICOS-MANCUERNAS Y GOMAS-EMPUJES Y TRACCIONES-MES 2-AVANZADO-3 DIAS
1047,Recomposición,Chicos,Mancuernas y gomas,Avanzado,3,3,,RECOMPOSICION-CHICOS-MANCUERNAS Y GOMAS-TORSO PIERNA-MES 3-AVANZADO-3 DIAS
1063,Recomposición,Chicos,Mancuernas y gomas,Avanzado,3,4,,RECOMPOSICION-CHICOS-MANCUERNAS Y GOMAS-FULLBODY DESCEN-MES 4-AVANZADO-3 DIAS
1139,Recomposición,Chicos,Mancuernas y gomas,Avanzado,3,5,,RECOMPOSICION-CHICOS-MANCUERNAS Y GOMAS-WEIDER-MES 5-AVANZADO-3 DIAS
1148,Recomposición,Chicos,Mancuernas y gomas,Avanzado,3,6,,RECOMPOSICION-CHICOS-MANCUERNAS Y GOMAS-EMPUJES Y TRACCIONES-MES 6-AVANZADO-3 DIAS
1144,Recomposición,Chicos,Mancuernas y gomas,Avanzado,3,7,,RECOMPOSICION-CHICOS-MANCUERNAS Y GOMAS-TORSO PIERNA-MES 7-AVANZADO-3 DIAS
1152,Recomposición,Chicos,Mancuernas y gomas,Avanzado,3,8,,RECOMPOSICION-CHICOS-MANCUERNAS Y GOMAS-FULLBODY DESCEN-MES 8-AVANZADO-3 DIAS
1156,Recomposición,Chicos,Mancuernas y gomas,Avanzado,3,9,,RECOMPOSICION-CHICOS-MANCUERNAS Y GOMAS-WEIDER-MES 9-AVANZADO-3 DIAS
1136,Recomposición,Chicos,Mancuernas y gomas,Avanzado,4,1,,RECOMPOSICION-CHICOS-MANCUERNAS Y GOMAS-WEIDER-MES 1-AVANZADO-4 DIAS
1028,Recomposición,Chicos,Mancuernas y gomas,Avanzado,4,2,,RECOMPOSICION-CHICOS-MANCUERNAS Y GOMAS-EMPUJES Y TRACCIONES-MES 2-AVANZADO-4 DIAS
1046,Recomposición,Chicos,Mancuernas y gomas,Avanzado,4,3,,RECOMPOSICION-CHICOS-MANCUERNAS Y GOMAS-TORSO PIERNA-MES 3-AVANZADO-4 DIAS
1050,Recomposición,Chicos,Mancuernas y gomas,Avanzado,4,4,,RECOMPOSICION-CHICOS-MANCUERNAS Y GOMAS-FULLBODY DESCEN-MES 4-AVANZADO-4 DIAS
1138,Recomposición,Chicos,Mancuernas y gomas,Avanzado,4,5,,RECOMPOSICION-CHICOS-MANCUERNAS Y GOMAS-WEIDER-MES 5-AVANZADO-4 DIAS
1147,Recomposición,Chicos,Mancuernas y gomas,Avanzado,4,6,,RECOMPOSICION-CHICOS-MANCUERNAS Y GOMAS-EMPUJES Y TRACCIONES-MES 6-AVANZADO-4 DIAS
1142,Recomposición,Chicos,Mancuernas y gomas,Avanzado,4,7,,RECOMPOSICION-CHICOS-MANCUERNAS Y GOMAS-TORSO PIERNA-MES 7-AVANZADO-4 DIAS
1151,Recomposición,Chicos,Mancuernas y gomas,Avanzado,4,8,,RECOMPOSICION-CHICOS-MANCUERNAS Y GOMAS-FULLBODY DESCEN-MES 8-AVANZADO-4 DIAS
1155,Recomposición,Chicos,Mancuernas y gomas,Avanzado,4,9,,RECOMPOSICION-CHICOS-MANCUERNAS Y GOMAS-WEIDER-MES 9-AVANZADO-4 DIAS
1135,Recomposición,Chicos,Mancuernas y gomas,Avanzado,5,1,,RECOMPOSICION-CHICOS-MANCUERNAS Y GOMAS-WEIDER-MES 1-AVANZADO-5 DIAS
1027,Recomposición,Chicos,Mancuernas y gomas,Avanzado,5,2,,RECOMPOSICION-CHICOS-MANCUERNAS Y GOMAS-EMPUJES Y TRACCIONES-MES 2-AVANZADO-5 DIAS
1045,Recomposición,Chicos,Mancuernas y gomas,Avanzado,5,3,,RECOMPOSICION-CHICOS-MANCUERNAS Y GOMAS-TORSO PIERNA-MES 3-AVANZADO-5 DIAS
1049,Recomposición,Chicos,Mancuernas y gomas,Avanzado,5,4,,RECOMPOSICION-CHICOS-MANCUERNAS Y GOMAS-FULLBODY DESCEN-MES 4-AVANZADO-5 DIAS
1137,Recomposición,Chicos,Mancuernas y gomas,Avanzado,5,5,,RECOMPOSICION-CHICOS-MANCUERNAS Y GOMAS-WEIDER-MES 5-AVANZADO-5 DIAS
1146,Recomposición,Chicos,Mancuernas y gomas,Avanzado,5,6,,RECOMPOSICION-CHICOS-MANCUERNAS Y GOMAS-EMPUJES Y TRACCIONES-MES 6-AVANZADO-5 DIAS
1145,Recomposición,Chicos,Mancuernas y gomas,Avanzado,5,7,,RECOMPOSICION-CHICOS-MANCUERNAS Y GOMAS-TORSO PIERNA-MES 7-AVANZADO-5 DIAS
1150,Recomposición,Chicos,Mancuernas y gomas,Avanzado,5,8,,RECOMPOSICION-CHICOS-MANCUERNAS Y GOMAS-FULLBODY DESCEN-MES 8-AVANZADO-5 DIAS
1154,Recomposición,Chicos,Mancuernas y gomas,Avanzado,5,9,,RECOMPOSICION-CHICOS-MANCUERNAS Y GOMAS-WEIDER-MES 9-AVANZADO-5 DIAS
1161,Recomposición,Chicos,Mancuernas y gomas,Principiante,2,1,,RECOMPOSICION-CHICOS-MANCUERNAS Y GOMAS-WEIDER-MES 1-PRINCIPIANTE-2 DIAS
1165,Recomposición,Chicos,Mancuernas y gomas,Principiante,2,2,,RECOMPOSICION-CHICOS-MANCUERNAS Y GOMAS-EMPUJES Y TRACCIONES-MES 2-PRINCIPIANTE-2 DIAS
1169,Recomposición,Chicos,Mancuernas y gomas,Principiante,2,3,,RECOMPOSICION-CHICOS-MANCUERNAS Y GOMAS-TORSO PIERNA-MES 3-PRINCIPIANTE-2 DIAS
1172,Recomposición,Chicos,Mancuernas y gomas,Principiante,2,4,,RECOMPOSICION-CHICOS-MANCUERNAS Y GOMAS-FULLBODY DESCEN-MES 4-PRINCIPIANTE-2 DIAS
1177,Recomposición,Chicos,Mancuernas y gomas,Principiante,2,5,,RECOMPOSICION-CHICOS-MANCUERNAS Y GOMA-WEIDER-MES 5-PRINCIPIANTE-2 DIAS
1181,Recomposición,Chicos,Mancuernas y gomas,Principiante,2,6,,RECOMPOSICION-CHICOS-MANCUERNAS Y GOMAS-WEIDER-MES 6-PRINCIPIANTE-2 DIAS
1160,Recomposición,Chicos,Mancuernas y gomas,Principiante,3,1,,RECOMPOSICION-CHICOS-MANCUERNAS Y GOMAS-WEIDER-MES 1-PRINCIPIANTE-3 DIAS
1164,Recomposición,Chicos,Mancuernas y gomas,Principiante,3,2,,RECOMPOSICION-CHICOS-MANCUERNAS Y GOMAS-EMPUJES Y TRACCIONES-MES 2-PRINCIPIANTE-3 DIAS
1168,Recomposición,Chicos,Mancuernas y gomas,Principiante,3,3,,RECOMPOSICION-CHICOS-MANCUERNAS Y GOMAS-TORSO PIERNA-MES 3-PRINCIPIANTE-3 DIAS
1171,Recomposición,Chicos,Mancuernas y gomas,Principiante,3,4,,RECOMPOSICION-CHICOS-MANCUERNAS Y GOMAS-FULLBODY DESCEN-MES 4-PRINCIPIANTE-3 DIAS
1176,Recomposición,Chicos,Mancuernas y gomas,Principiante,3,5,,RECOMPOSICION-CHICOS-MANCUERNAS Y GOMAS-WEIDER-MES 5-PRINCIPIANTE-3 DIAS
1180,Recomposición,Chicos,Mancuernas y gomas,Principiante,3,6,,RECOMPOSICION-CHICOS-MANCUERNAS Y GOMAS-WEIDER-MES 6-PRINCIPIANTE-3 DIAS
1159,Recomposición,Chicos,Mancuernas y gomas,Principiante,4,1,,RECOMPOSICION-CHICOS-MANCUERNAS Y GOMAS-WEIDER-MES 1-PRINCIPIANTE-4 DIAS
1163,Recomposición,Chicos,Mancuernas y gomas,Principiante,4,2,,RECOMPOSICION-CHICOS-MANCUERNAS Y GOMAS-EMPUJES Y TRACCIONES-MES 2-PRINCIPIANTE-4 DIAS
1167,Recomposición,Chicos,Mancuernas y gomas,Principiante,4,3,,RECOMPOSICION-CHICOS-MANCUERNAS Y GOMAS-TORSO PIERNA-MES 3-PRINCIPIANTE-4 DIAS
1173,Recomposición,Chicos,Mancuernas y gomas,Principiante,4,4,,RECOMPOSICION-CHICOS-MANCUERNAS Y GOMAS-FULLBODY DESCEN-MES 4-PRINCIPIANTE-4 DIAS
1175,Recomposición,Chicos,Mancuernas y gomas,Principiante,4,5,,RECOMPOSICION-CHICOS-MANCUERNAS Y GOMAS-WEIDER-MES 5-PRINCIPIANTE-4 DIAS
1179,Recomposición,Chicos,Mancuernas y gomas,Principiante,4,6,,RECOMPOSICION-CHICOS-MANCUERNAS Y GOMAS-WEIDER-MES 6-PRINCIPIANTE-4 DIAS
1158,Recomposición,Chicos,Mancuernas y gomas,Principiante,5,1,,RECOMPOSICION-CHICOS-MANCUERNAS Y GOMAS-WEIDER-MES 1-PRINCIPIANTE-5 DIAS
1162,Recomposición,Chicos,Mancuernas y gomas,Principiante,5,2,,RECOMPOSICION-CHICOS-MANCUERNAS Y GOMAS-EMPUJES Y TRACCIONES-MES 2-PRINCIPIANTE-5 DIAS
1166,Recomposición,Chicos,Mancuernas y gomas,Principiante,5,3,,RECOMPOSICION-CHICOS-MANCUERNAS Y GOMAS-TORSO PIERNA-MES 3-PRINCIPIANTE-5 DIAS
1170,Recomposición,Chicos,Mancuernas y gomas,Principiante,5,4,,RECOMPOSICION-CHICOS-MANCUERNAS Y GOMAS-FULLBODY DESCEN-MES 4-PRINCIPIANTE-5 DIAS
1174,Recomposición,Chicos,Mancuernas y gomas,Principiante,5,5,,RECOMPOSICION-CHICOS-MANCUERNAS Y GOMAS-WEIDER-MES 5-PRINCIPIANTE-5 DIAS
1178,Recomposición,Chicos,Mancuernas y gomas,Principiante,5,6,,RECOMPOSICION-CHICOS-MANCUERNAS Y GOMAS-WEIDER-MES 6-PRINCIPIANTE-5 DIAS
1036,Recomposición,Chicos,Solo gomas,Avanzado,2,1,,RECOMPOSICION-CHICOS-SOLO GOMAS-WEIDER-MES 1-AVANZADO-2 DIAS
1067,Recomposición,Chicos,Solo gomas,Avanzado,2,2,,RECOMPOSICION-CHICOS-SOLO GOMAS-EMPUJES Y TRACCIONES-MES 2-AVANZADO-2 DIAS
1076,Recomposición,Chicos,Solo gomas,Avanzado,2,3,,RECOMPOSICION-CHICOS-SOLO GOMAS-TORSO PIERNA-MES 3-AVANZADO-2 DIAS
1080,Recomposición,Chicos,Solo gomas,Avanzado,2,4,,RECOMPOSICION-CHICOS-SOLO GOMAS-FULLBODY DESCEN-MES 4-AVANZADO-2 DIAS
1186,Recomposición,Chicos,Solo gomas,Avanzado,2,5,,RECOMPOSICION-CHICOS-SOLO GOMAS-WEIDER-MES 5-AVANZADO-2 DIAS
1194,Recomposición,Chicos,Solo gomas,Avanzado,2,6,,RECOMPOSICION-CHICOS-SOLO GOMAS-EMPUJES Y TRACCIONES-MES 6-AVANZADO-2 DIAS
1188,Recomposición,Chicos,Solo gomas,Avanzado,2,7,,RECOMPOSICION-CHICOS-SOLO GOMAS-TORSO PIERNA-MES 7-AVANZADO-2 DIAS
1198,Recomposición,Chicos,Solo gomas,Avanzado,2,8,,RECOMPOSICION-CHICOS-SOLO GOMAS-FULLBODY DESCEN-MES 8-AVANZADO-2 DIAS
1202,Recomposición,Chicos,Solo gomas,Avanzado,2,9,,RECOMPOSICION-CHICOS-SOLO GOMAS-WEIDER-MES 9-AVANZADO-2 DIAS
1035,Recomposición,Chicos,Solo gomas,Avanzado,3,1,,RECOMPOSICION-CHICOS-SOLO GOMAS-WEIDER-MES 1-AVANZADO-3 DIAS
1086,Recomposición,Chicos,Solo gomas,Avanzado,3,2,,RECOMPOSICION-CHICOS-SOLO GOMAS-EMPUJES Y TRACCIONES-MES 2-AVANZADO-3 DIAS
1075,Recomposición,Chicos,Solo gomas,Avanzado,3,3,,RECOMPOSICION-CHICOS-SOLO GOMAS-TORSO PIERNA-MES 3-AVANZADO-3 DIAS
1079,Recomposición,Chicos,Solo gomas,Avanzado,3,4,,RECOMPOSICION-CHICOS-SOLO GOMAS-FULLBODY DESCEN-MES 4-AVANZADO-3 DIAS
1185,Recomposición,Chicos,Solo gomas,Avanzado,3,5,,RECOMPOSICION-CHICOS-SOLO GOMAS-WEIDER-MES 5-AVANZADO-3 DIAS
1193,Recomposición,Chicos,Solo gomas,Avanzado,3,6,,RECOMPOSICION-CHICOS-SOLO GOMAS-EMPUJES Y TRACCIONES-MES 6-AVANZADO-3 DIAS
1190,Recomposición,Chicos,Solo gomas,Avanzado,3,7,,RECOMPOSICION-CHICOS-SOLO GOMAS-TORSO PIERNA-MES 7-AVANZADO-3 DIAS
1197,Recomposición,Chicos,Solo gomas,Avanzado,3,8,,RECOMPOSICION-CHICOS-SOLO GOMAS-FULLBODY DESCEN-MES 8-AVANZADO-3 DIAS
1201,Recomposición,Chicos,Solo gomas,Avanzado,3,9,,RECOMPOSICION-CHICOS-SOLO GOMAS-WEIDER-MES 9-AVANZADO-3 DIAS
1034,Recomposición,Chicos,Solo gomas,Avanzado,4,1,,RECOMPOSICION-CHICOS-SOLO GOMAS-WEIDER-MES 1-AVANZADO-4 DIAS
1182,Recomposición,Chicos,Solo gomas,Avanzado,4,2,,RECOMPOSICION-CHICOS-SOLO GOMAS-EMPUJES Y TRACCIONES-MES 2-AVANZADO-4 DIAS
1074,Recomposición,Chicos,Solo gomas,Avanzado,4,3,,RECOMPOSICION-CHICOS-SOLO GOMAS-TORSO PIERNA-MES 3-AVANZADO-4 DIAS
1078,Recomposición,Chicos,Solo gomas,Avanzado,4,4,,RECOMPOSICION-CHICOS-SOLO GOMAS-FULLBODY DESCEN-MES 4-AVANZADO-4 DIAS
1184,Recomposición,Chicos,Solo gomas,Avanzado,4,5,,RECOMPOSICION-CHICOS-SOLO GOMAS-WEIDER-MES 5-AVANZADO-4 DIAS
1192,Recomposición,Chicos,Solo gomas,Avanzado,4,6,,RECOMPOSICION-CHICOS-SOLO GOMAS-EMPUJES Y TRACCIONES-MES 6-AVANZADO-4 DIAS
1189,Recomposición,Chicos,Solo gomas,Avanzado,4,7,,RECOMPOSICION-CHICOS-SOLO GOMAS-TORSO PIERNA-MES 7-AVANZADO-4 DIAS
1196,Recomposición,Chicos,Solo gomas,Avanzado,4,8,,RECOMPOSICION-CHICOS-SOLO GOMAS-FULLBODY DESCEN-MES 8-AVANZADO-4 DIAS
1200,Recomposición,Chicos,Solo gomas,Avanzado,4,9,,RECOMPOSICION-CHICOS-SOLO GOMAS-WEIDER-MES 9-AVANZADO-4 DIAS
1033,Recomposición,Chicos,Solo gomas,Avanzado,5,1,,RECOMPOSICION-CHICOS-SOLO GOMAS-WEIDER-MES 1-AVANZADO-5 DIAS
1066,Recomposición,Chicos,Solo gomas,Avanzado,5,2,,RECOMPOSICION-CHICOS-SOLO GOMAS-EMPUJES Y TRACCIONES-MES 2-AVANZADO-5 DIAS
1104,Recomposición,Chicos,Solo gomas,Avanzado,5,3,,RECOMPOSICION-CHICOS-SOLO GOMAS-TORSO PIERNA-MES 3-AVANZADO-5 DIAS
1077,Recomposición,Chicos,Solo gomas,Avanzado,5,4,,RECOMPOSICION-CHICOS-SOLO GOMAS-FULLBODY DESCEN-MES 4-AVANZADO-5 DIAS
1183,Recomposición,Chicos,Solo gomas,Avanzado,5,5,,RECOMPOSICION-CHICOS-SOLO GOMAS-WEIDER-MES 5-AVANZADO-5 DIAS
1191,Recomposición,Chicos,Solo gomas,Avanzado,5,6,,RECOMPOSICION-CHICOS-SOLO GOMAS-EMPUJES Y TRACCIONES-MES 6-AVANZADO-5 DIAS
1187,Recomposición,Chicos,Solo gomas,Avanzado,5,7,,RECOMPOSICION-CHICOS-SOLO GOMAS-TORSO PIERNA-MES 7-AVANZADO-5 DIAS
1195,Recomposición,Chicos,Solo gomas,Avanzado,5,8,,RECOMPOSICION-CHICOS-SOLO GOMAS-FULLBODY DESCEN-MES 8-AVANZADO-5 DIAS
1199,Recomposición,Chicos,Solo gomas,Avanzado,5,9,,RECOMPOSICION-CHICOS-SOLO GOMAS-WEIDER-MES 9-AVANZADO-5 DIAS
1206,Recomposición,Chicos,Solo gomas,Principiante,2,1,,RECOMPOSICION-CHICOS-SOLO GOMAS-WEIDER-MES 1-PRINCIPIANTE-2 DIAS
1210,Recomposición,Chicos,Solo gomas,Principiante,2,2,,RECOMPOSICION-CHICOS-SOLO GOMAS-EMPUJES Y TRACCIONES-MES 2-PRINCIPIANTE-2 DIAS
1213,Recomposición,Chicos,Solo gomas,Principiante,2,3,,RECOMPOSICION-CHICOS-SOLO GOMAS-TORSO PIERNA-MES 3-PRINCIPIANTE-2 DIAS
1218,Recomposición,Chicos,Solo gomas,Principiante,2,4,,RECOMPOSICION-CHICOS-SOLO GOMAS-FULLBODY DESCEN-MES 4-PRINCIPIANTE-2 DIAS
1222,Recomposición,Chicos,Solo gomas,Principiante,2,5,,RECOMPOSICION-CHICOS-SOLO GOMAS-WEIDER-MES 5-PRINCIPIANTE-2 DIAS
1225,Recomposición,Chicos,Solo gomas,Principiante,2,6,,RECOMPOSICION-CHICOS-SOLO GOMAS-WEIDER-MES 6-PRINCIPIANTE-2 DIAS
1205,Recomposición,Chicos,Solo gomas,Principiante,3,1,,RECOMPOSICION-CHICOS-SOLO GOMAS-WEIDER-MES 1-PRINCIPIANTE-3 DIAS
1209,Recomposición,Chicos,Solo gomas,Principiante,3,2,,RECOMPOSICION-CHICOS-SOLO GOMAS-EMPUJES Y TRACCIONES-MES 2-PRINCIPIANTE-3 DIAS
1214,Recomposición,Chicos,Solo gomas,Principiante,3,3,,RECOMPOSICION-CHICOS-SOLO GOMAS-TORSO PIERNA-MES 3-PRINCIPIANTE-3 DIAS
1217,Recomposición,Chicos,Solo gomas,Principiante,3,4,,RECOMPOSICION-CHICOS-SOLO GOMAS-FULLBODY DESCEN-MES 4-PRINCIPIANTE-3 DIAS
1221,Recomposición,Chicos,Solo gomas,Principiante,3,5,,RECOMPOSICION-CHICOS-SOLO GOMAS-WEIDER-MES 5-PRINCIPIANTE-3 DIAS
1226,Recomposición,Chicos,Solo gomas,Principiante,3,6,,RECOMPOSICION-CHICOS-SOLO GOMAS-WEIDER-MES 6-PRINCIPIANTE-3 DIAS
1204,Recomposición,Chicos,Solo gomas,Principiante,4,1,,RECOMPOSICION-CHICOS-SOLO GOMAS-WEIDER-MES 1-PRINCIPIANTE-4 DIAS
1208,Recomposición,Chicos,Solo gomas,Principiante,4,2,,RECOMPOSICION-CHICOS-SOLO GOMAS-EMPUJES Y TRACCIONES-MES 2-PRINCIPIANTE-4 DIAS
1212,Recomposición,Chicos,Solo gomas,Principiante,4,3,,RECOMPOSICION-CHICOS-SOLO GOMAS-TORSO PIERNA-MES 3-PRINCIPIANTE-4 DIAS
1216,Recomposición,Chicos,Solo gomas,Principiante,4,4,,RECOMPOSICION-CHICOS-SOLO GOMAS-FULLBODY DESCEN-MES 4-PRINCIPIANTE-4 DIAS
1220,Recomposición,Chicos,Solo gomas,Principiante,4,5,,RECOMPOSICION-CHICOS-SOLO GOMAS-WEIDER-MES 5-PRINCIPIANTE-4 DIAS
1224,Recomposición,Chicos,Solo gomas,Principiante,4,6,,RECOMPOSICION-CHICOS-SOLO GOMAS-WEIDER-MES 6-PRINCIPIANTE-4 DIAS
1203,Recomposición,Chicos,Solo gomas,Principiante,5,1,,RECOMPOSICION-CHICOS-SOLO GOMAS-WEIDER-MES 1-PRINCIPIANTE-5 DIAS
1207,Recomposición,Chicos,Solo gomas,Principiante,5,2,,RECOMPOSICION-CHICOS-SOLO GOMAS-EMPUJES Y TRACCIONES-MES 2-PRINCIPIANTE-5 DIAS
1211,Recomposición,Chicos,Solo gomas,Principiante,5,3,,RECOMPOSICION-CHICOS-SOLO GOMAS-TORSO PIERNA-MES 3-PRINCIPIANTE-5 DIAS
1215,Recomposición,Chicos,Solo gomas,Principiante,5,4,,RECOMPOSICION-CHICOS-SOLO GOMAS-FULLBODY DESCEN-MES 4-PRINCIPIANTE-5 DIAS
1219,Recomposición,Chicos,Solo gomas,Principiante,5,5,,RECOMPOSICION-CHICOS-SOLO GOMAS-WEIDER-MES 5-PRINCIPIANTE-5 DIAS
1223,Recomposición,Chicos,Solo gomas,Principiante,5,6,,RECOMPOSICION-CHICOS-SOLO GOMAS-WEIDER-MES 6-PRINCIPIANTE-5 DIAS
